"userid","ope","con","ext","agr","neu","item_level","blocks","date"
"04332a74fcb772f9ce1581a70bf88f70",4.25,3.0,3.0,4.25,1.5,1,20,""
"0433a3bbd35931d7aa09d6302e44fa3b",4.25,3.55,2.83,3.5,2.58,1,60,""
"0433b9815f60373ac1a03c543dc2a241",3.86,4.29,5.0,4.5,1.0,1,70,""
"0434eae66d56d0a37e1b9dc83ef21397",3.71,4.5,2.21,3.93,3.79,1,70,""
"04353c46eb218de52c6cd7e33f5f9411",4.75,4.25,3.0,4.0,3.75,1,20,""
"0435ad9e3ae042d6f325acec8b63fc0c",3.75,3.25,3.75,2.75,2.25,1,20,""
"0436870f6358e2938d6aca14b3cafa46",3.25,3.25,3.0,4.5,1.5,1,20,""
"0437be55c45b3afc0a70eee39f6aab21",3.75,4.0,2.5,3.5,2.5,1,20,""
"0438d7b22ce810235d551b5b644c6223",5.0,3.5,4.5,3.0,3.0,1,20,""
"043a3e8ac2027dd25196a0c6ec206015",2.75,3.75,3.5,2.5,3.25,1,20,""
"043b88a88de81ae5454b9820202eefd2",4.35,1.8,1.4,3.25,4.3,1,100,""
"043c3bfb302c1a7d37d29060a6bdce7e",4.5,3.75,4.0,4.67,3.25,1,20,""
"043c6541e4d366d43cfa9c45513df583",5.0,2.25,4.25,3.5,3.0,1,20,""
"043d357fe2614abee0fe45878f26615d",4.25,3.0,2.25,2.0,4.5,1,20,""
"043e88ec8d5e6328fd93deeeb1082019",4.15,3.0,4.15,3.4,2.65,1,100,""
"043e9ff8edbb351126e3a500f664d971",4.6,2.95,3.35,3.45,3.0,1,100,""
"043f6abea57838bdef28f6daefa8f645",4.6,3.3,4.15,3.75,2.5,1,100,""
"04407aabe00e440ea993a3ec23131c8e",4.73,2.88,3.56,2.63,2.8,1,80,""
"04410679bd22a74fade501889247aef5",3.25,4.75,3.75,3.25,1.75,1,20,""
"0441282a2b2dd50eb88a0255e7dcd841",3.33,4.0,3.92,4.17,2.5,1,60,""
"04422d8bb349703db7f7db1c1424a8f3",4.5,4.0,4.5,4.75,1.5,1,20,""
"04439ace3c69bdab69aac8f5820d298b",2.85,2.5,4.05,2.75,2.2,1,100,""
"0443bf1880dd8daabda7c270db1a788f",3.0,3.25,2.5,3.0,2.0,1,20,""
"0443c5d7885072291d88125a2bcbd8f9",4.0,4.5,4.5,3.75,1.75,1,20,""
"04443ae784239c6791a85b27b1b4fcd9",4.75,2.75,2.5,4.25,2.75,1,20,""
"04447be90722ec5ae72ebef1502857cb",3.0,2.5,2.75,3.5,3.0,1,20,""
"0446c31ac2244babbe4ac9db8df87676",2.0,3.25,4.25,3.5,2.75,1,20,""
"0446c7d527d7041efb66f71c6c9482bc",4.5,4.5,3.33,3.5,2.25,1,20,""
"0446db895be71b859c4dd0bb23720a83",4.2,3.3,3.8,4.4,2.3,1,50,""
"0447831ddead3df05cd08f251598dd2b",3.0,2.75,3.25,4.0,2.75,1,20,""
"0448365531c6fc473a0586aed6d099b7",3.5,3.75,2.25,5.0,4.25,1,20,""
"0448bba4ab6c28aaa3f336aa7c613158",3.5,3.25,3.25,3.0,4.0,1,20,""
"0448efd9aa003cf2a2056016ea17f0c3",4.75,3.65,3.2,4.2,4.4,1,100,""
"0449905304c01fe32a3aa2eb4b0d34b2",2.05,3.05,2.85,3.55,3.6,1,100,""
"044ad19d2095624609c4220d253d657b",3.33,4.0,3.5,4.0,2.33,1,30,""
"044b06351ae0462babf818eadcc77b2d",4.0,3.75,3.0,4.0,4.0,1,20,""
"044b13a2d513a8fbf239320e6883a8fa",4.0,3.25,2.75,4.33,2.75,1,20,""
"044b73a478b4f07a7e619866f69f195a",3.75,3.67,4.0,2.75,3.5,1,20,""
"044c1207f8ff5713cb039da6b0442a7a",4.5,4.5,3.25,4.5,2.25,1,20,""
"044c2c215a3e455d03eb2cb9095e47c0",4.2,3.3,3.1,3.9,3.68,1,100,""
"044ca12d3e0753ef164a95a0e6e2e303",3.45,2.5,3.9,3.35,2.65,1,100,""
"044d57a61c5f78ba1c29382d4762b1b4",4.05,3.0,3.25,4.1,3.6,1,100,""
"044d7c420ce9ae11bdafebec41786959",3.3,4.35,2.1,3.3,3.47,1,100,""
"044d84f6869200dff8beac98f9e35f5c",4.0,3.0,3.25,2.25,2.25,1,20,""
"044d92b0926fcd3d1caee574a3e578fb",3.0,3.75,4.35,2.9,2.45,1,100,""
"044e608575538edee574ba504f5bb723",4.5,2.25,1.75,2.0,4.75,1,20,""
"044ea3b40ae9b9325301242e9b6a7eb3",3.25,3.5,2.75,4.0,3.0,1,20,""
"044f5651b920abc718440c0b19534fc3",3.85,3.0,2.7,3.7,3.65,1,336,"2011-05-03"
"044fc7c307201de875ec4165a16cc0a3",4.25,3.25,4.75,3.5,2.75,1,20,""
"0450151e03e79c9e7e38b71ea0c99195",3.25,3.55,4.15,4.05,3.6,1,100,""
"04506023c03e85c7aab79bc07ead79cc",4.1,4.85,1.8,2.35,3.95,1,100,""
"045107b8ef50e57122819d4f0d1c3034",3.3,3.3,4.4,3.5,2.4,1,50,""
"045197c9128d1a2fd585c0feb859c756",3.25,3.5,2.0,3.25,3.25,1,20,""
"0451f503f4bbd4d09929378655138582",3.5,4.5,3.75,4.0,1.75,1,20,""
"0452c6eb465f3e5fcadef20d628a3e39",3.5,3.5,4.67,4.5,3.0,1,20,""
"045390a46fc76c4c094a2f8edcf127d4",4.0,4.75,4.33,4.25,1.75,1,20,""
"04547047a9dbfbca2ed9b8c0307e3b29",4.25,3.75,2.25,3.0,3.5,1,20,""
"0454a36d1ace4ed09807adcc64090ce3",3.5,4.83,2.33,3.67,3.33,1,30,""
"0454afdbb39f7a090ff21bccb4d50822",4.75,3.75,4.5,4.0,4.25,1,20,""
"0454f816cefa142c571d61da8c031404",3.1,3.39,4.0,3.35,2.9,1,100,""
"0455448df217dbb93d4ced758390905a",3.75,2.75,3.75,5.0,2.25,1,20,""
"045657a2b1bf4a280f4a3942e4964055",3.25,3.75,3.25,2.75,2.75,1,20,""
"04581736381c40cd7ba7284b6098f2ac",3.6,2.45,3.35,3.45,3.25,1,100,""
"04586c2a7632ad5d69b81bd260789f12",4.45,2.3,2.9,3.0,3.05,1,100,""
"04587b9b91df9c0f8d9afbf8fda4df72",4.75,4.5,3.67,4.0,3.75,1,20,""
"045a1bcc314403dd551f1beb5e2b7d9c",3.5,4.5,3.75,3.25,2.0,1,20,""
"045a693b5402a71e8e750a777424f3c7",4.0,4.0,3.75,2.75,2.25,1,20,""
"045b6d095af764e068545be2c061bc46",4.75,3.0,4.5,3.75,2.25,1,20,""
"045b8617f659f663b481adf00bdd096b",3.25,2.75,2.5,2.25,4.25,1,20,""
"045c56480fd998384079c1fa17da3c63",4.33,3.0,3.25,2.5,3.75,1,20,""
"045db4a32cdaa09138943f2d0ef8e987",4.25,4.5,3.75,3.25,1.0,1,20,""
"045e1c67f906d2e5c62abb78d8389203",4.75,3.25,4.5,4.25,4.0,1,20,""
"045e601074586ff35f93114b0a4837e3",4.0,4.25,4.5,4.5,2.5,1,20,""
"045f013ada9d9f845daffd2b1af19c59",3.0,3.25,5.0,3.0,2.25,1,20,""
"04600cc8d34c0ac60f7eacf20e4f80d6",4.25,4.75,2.75,4.25,2.0,1,20,""
"04602b60ca80bdc7e19e909650a76866",3.9,3.15,4.4,4.25,1.5,1,100,""
"04610ef9a43acc1ceb65fc390a98949a",4.46,4.43,4.64,4.36,2.57,1,70,""
"046189cc79c45768157b7bda945973f7",3.33,2.67,3.0,3.17,4.17,1,30,""
"0461ab34363ebf87489a50e4a344c029",2.25,3.25,2.0,4.0,3.75,1,20,""
"04622af4610eee2798b9b41ad5ca4ce4",4.55,3.95,3.8,3.55,2.15,1,100,""
"04628c8e7224304aa8b6777949ab0db5",3.85,3.6,3.75,3.55,2.5,1,100,""
"046317d89d07c8c328b45273f26c2604",3.25,2.5,3.75,3.25,4.0,1,20,""
"04648c620dad058086a701ec8f2268a3",4.5,3.0,5.0,3.0,1.5,1,20,""
"0464e45950c6e27b5fd2a7a0ef935a84",3.5,4.75,4.75,4.25,2.5,1,20,""
"046505a464a69a148a56ee6619067e7f",3.7,4.55,3.7,3.8,1.25,1,100,""
"0466fe1a8c5460d5fe6016cc5c42d888",3.75,4.0,3.05,2.5,3.1,1,100,""
"046736279d53b9a59a6ad75cc265e98d",2.5,3.0,2.75,3.5,2.5,1,20,""
"04673ee5c93ed043d6136149543205f5",3.75,3.5,1.5,4.5,3.25,1,20,""
"0467ce1e63e2a48da92e1ff53f052829",3.7,3.1,2.2,3.4,2.9,1,336,"2011-05-29"
"046816f438322cdfc592ee7357a897e8",3.0,4.75,3.5,4.25,3.25,1,20,""
"04683ec0b297dc3f2ee4d1d642887dd2",2.8,3.9,2.8,4.25,3.15,1,100,""
"0469ceaf36d0565520117525f939ac55",3.5,3.75,3.75,3.0,2.0,1,20,""
"0469dd0e61e3e3df0d5aae6bd8716026",4.1,3.0,3.7,4.1,2.9,1,50,""
"046a1d69c0e3961c1c2403235936092c",3.5,4.5,4.75,4.25,3.0,1,20,""
"046b6e28b899cac9961c21ac3a9925d0",1.5,3.33,2.0,2.5,4.5,1,20,""
"046dd143d91517031e6f64744876ddaf",3.0,2.17,2.67,3.33,2.83,1,30,""
"046eaadc6312d3f335d1b5e34fe812f3",4.8,2.45,3.9,4.05,3.7,1,100,""
"046f552b1f9dd0354c37b58801080dec",4.1,4.1,3.9,4.0,1.9,1,100,""
"046f573be7045fc417d6df0ac1348940",4.75,3.0,3.5,2.5,4.75,1,20,""
"04702736dd7ad7dc50c667e5cfc255b6",2.75,3.33,3.25,3.25,2.75,1,20,""
"0470922ef825dc99d532d82e2122b0a1",3.5,3.25,4.25,3.75,3.0,1,20,""
"04721d407be7ec30f0b36527d16e0f44",4.25,3.5,5.0,4.5,2.0,1,20,""
"04727a6d9ee1bbcbda0bb23c1f49a5bd",3.0,3.5,2.25,3.75,2.75,1,20,""
"0472ff7e04ff1419514283b892740d7a",2.83,3.0,4.67,4.33,2.17,1,30,""
"047322f9c45b7db16b1b9bd288877677",4.0,3.0,4.5,4.0,2.5,1,20,""
"0473b27fbb23f9dc4a2ee2a1b62f50bc",4.5,4.25,3.75,2.25,2.75,1,20,""
"047403f6012907e4b15cb0184522abed",4.35,3.45,2.6,3.95,2.75,1,100,""
"0474feed8366a70a6bae7fc8a5671070",3.0,4.0,3.5,4.5,2.75,1,20,""
"04758868dcea06b27e3e46bf3d6dd8f1",4.75,3.25,4.25,3.75,2.5,1,20,""
"0476895bc2c9ba704f53c3c09aa146b6",4.25,4.0,4.5,5.0,1.25,1,20,""
"0476c9e32270e67b291b9260658c101b",4.5,2.5,4.0,4.5,2.25,1,20,""
"04777e267f1f67c2d68a219f04cb5956",4.5,3.25,2.0,5.0,4.0,1,20,""
"0477deb6087dab7084eca2b4ca7e79e2",3.13,3.13,3.57,3.38,2.63,1,40,""
"04787345d67860ac75af585ca8919a6f",3.0,2.75,3.75,2.75,3.75,1,20,""
"0479bbb7fd3aa24b6d4cf63d16384396",4.0,3.33,3.25,2.0,2.75,1,20,""
"047acf7951a482abdc557a79fc1b404f",4.67,4.33,4.8,3.33,3.2,1,30,""
"047ad827bfab3b477db8aa18bd489c25",4.75,3.0,4.5,4.0,3.0,1,20,""
"047b218b363bd95418f3040d5cff8e4f",3.75,4.25,4.25,2.5,3.0,1,20,""
"047b24d3a99c8c31f210eeee76b147b1",4.25,2.25,3.0,2.75,3.0,1,20,""
"047b4717ca57d1dff19aa26bf856b6d4",3.0,2.25,3.5,3.75,2.25,1,20,""
"047b731c77f3fe21b90241b776889c71",2.5,2.67,3.75,3.0,4.0,1,20,""
"047bd94ec9af414eef57dc2a4d335abd",4.65,3.5,4.05,4.55,1.5,1,100,""
"047c75afca1d271c2a358a4a42d689ca",4.25,5.0,3.25,4.5,2.0,1,20,""
"047cf923f1167843fb82ef48d0043364",3.75,4.5,2.5,2.75,4.25,1,20,""
"047d6d3b4168f5746bfd3315bcbcd2a5",4.15,3.6,2.6,3.85,4.0,1,100,""
"047e792eb381782caf15bbd47f69e932",3.5,4.0,3.0,2.75,2.5,1,20,""
"047ebcdbeb31cc6e02e8c9fff045ecde",3.75,3.5,3.75,4.5,2.0,1,20,""
"047ef688a6bc5d33a628e940d17a42d3",2.25,4.75,3.5,4.0,2.75,1,20,""
"04803398c9c95482a75795390e246c37",3.25,2.55,2.95,2.95,3.05,1,100,""
"048042ccfa83fb4539fccd2fc7e7230b",2.5,2.67,3.25,2.75,3.0,1,20,""
"04807523c29bbe00eed099dd26a36138",4.25,2.75,2.75,3.25,2.3,1,100,""
"0480c5c80b869a024e6d84ea8c8350f9",4.25,3.5,3.67,5.0,3.25,1,20,""
"04810c7abb218300e3b87e117051a2a5",4.75,4.5,5.0,2.5,2.75,1,20,""
"048158b75dc599c61632cbf73bd5c73b",3.5,2.38,3.25,3.38,3.5,1,40,""
"0482d28e9b7dc8478e8def43dd009978",4.0,3.8,4.55,4.25,1.35,1,100,""
"04834c22d85bddc504d52e96c480e36e",5.0,4.5,4.0,4.75,1.0,1,20,""
"048506d495472fe0c965f565b1dbb75f",3.25,3.25,4.67,3.0,2.75,1,20,""
"04853c06a958d5c8188f442b6aa8c06e",5.0,2.17,2.5,2.0,4.33,1,30,""
"04854f375153ab65639c76023a9fae94",4.5,2.25,4.25,4.75,2.5,1,20,""
"048564ae3ad9c8e80dfccf5c7a9c6280",3.5,3.5,3.0,3.25,3.5,1,20,""
"0485b9403d791aa0ec734743cf1bad47",3.5,3.33,3.5,3.0,3.0,1,20,""
"048638aad98260f0c5063a0a3d8fae96",4.25,4.75,4.75,4.5,2.5,1,20,""
"048674f648eb9e40faa99a6622a0f6c9",3.8,4.35,2.9,4.0,3.0,1,100,""
"0486bfcc2e59bee31f86c3353452a3af",3.5,3.75,4.5,3.75,2.25,1,20,""
"0486eef3e1a2f88337682022e7dea879",5.0,4.5,5.0,3.75,1.75,1,20,""
"0489248edbb3b28b21affe6e32ab5bc0",4.5,4.25,3.25,4.33,3.0,1,20,""
"04893380af1499c84214e4f2766e9695",4.0,4.0,3.25,4.0,2.0,1,20,""
"04894404fb0bd395fbc505a3d1364b1b",3.47,4.35,4.47,4.35,1.45,1,100,""
"0489940a75efda7605312efbac9ec37a",3.5,2.5,2.0,4.5,2.75,1,20,""
"0489e0cbabe11ee690a3fe27cf7b48c6",4.75,2.5,4.25,3.75,3.0,1,20,""
"048a33f704db482edc384d6e6b64fa30",2.5,3.75,3.5,4.5,3.25,1,20,""
"048b35319756f6dc260d67ac04a242a4",3.25,2.75,3.4,2.45,2.6,1,100,""
"048b3547aaa70bc43bcd1a44f5d530f0",3.5,3.0,2.5,2.33,3.75,1,20,""
"048b924da9c7e49f7d0a16ac74d66704",3.75,3.75,3.25,4.0,2.75,1,20,""
"048bf873c7dac48d5d4889d45a4956fc",4.25,3.0,3.75,4.0,3.25,1,20,""
"048c59baba7746fc94344b463ee8fc2f",3.75,2.67,3.25,3.0,2.25,1,20,""
"048cee024535726fd7d66325f8a6cf71",3.25,3.5,2.75,3.75,2.25,1,20,""
"048d1c7eafb1a581cdface45f34320d6",4.0,2.25,3.25,4.75,2.5,1,20,""
"048e1602fedbbfe365cc027bd7440236",4.5,3.6,3.75,3.95,3.2,1,100,""
"048e38634ca21b15110df8c5262188f8",4.25,3.75,3.5,3.75,2.5,1,20,""
"048e89a06f40bacc56118e79bdf23095",3.75,4.25,4.25,3.25,3.0,1,20,""
"048eed952d2b3c6613ce5d9e11b60372",4.0,3.25,3.25,3.25,2.25,1,20,""
"048f4dd2db1275115b8f718eb2b578d2",4.0,4.0,3.5,4.75,2.5,1,20,""
"048ff5ea3d8a6b9f1584800c44a3ea86",3.5,3.25,2.75,3.75,2.75,1,20,""
"0490ca5d5b72d910f35c4545183e82fe",4.0,4.5,3.75,3.75,3.0,1,20,""
"049319f8900b29dee0d5e800a9b7a8c4",4.75,3.75,4.5,2.5,2.75,1,20,""
"0493576a9d9b8f30a932eeafd7dd6ce1",4.89,4.2,3.6,3.95,2.7,1,100,""
"0493a74d300927ac4320401560748259",4.25,3.55,3.8,2.85,3.0,1,100,""
"0495021325f43ab937cac1b7fbc57bb2",3.75,2.25,4.25,2.25,1.5,1,20,""
"049573614de8d00c9d98f8456721201b",4.25,4.33,3.0,3.5,2.0,1,20,""
"0495a41fecf19b1393ef197fa215c623",3.55,4.65,3.3,2.95,1.9,1,100,""
"049718e3b81fc5856ab59e79f8810fa7",4.0,4.0,4.83,3.6,2.17,1,30,""
"049779fb3eb9e221c9e2c17308dca5b1",3.0,4.25,4.5,4.0,2.25,1,20,""
"0497cf1515014e664372224bcc414a9c",3.0,3.75,3.25,3.25,2.5,1,20,""
"049837fe35b0b0f6073c959f5130c1c5",3.25,3.0,3.75,4.0,2.75,1,20,""
"04986aad6291a09824bd3b481c582793",3.7,3.4,2.0,3.67,3.0,1,50,""
"0498eaedda549d59a75590288284dc6f",3.33,2.5,2.75,4.33,4.5,1,20,""
"049906c59059101ae11c17d5781efbef",5.0,2.5,3.33,3.75,2.25,1,20,""
"049b87a484bfba876318e7e21455f2ea",4.0,5.0,3.25,4.0,3.0,1,20,""
"049bac16d2281927eb84e5972a784876",4.5,4.25,4.75,4.25,1.75,1,20,""
"049ce1defe86790e8f4d7cfe0d99f229",3.25,4.0,4.0,3.5,2.25,1,20,""
"049dbae7c1c972a48ce878c9e53f30f5",4.88,4.88,4.63,3.38,2.63,1,40,""
"049de3ff5fa194f20ac9d62a1e04d872",4.25,2.5,2.25,3.5,3.5,1,20,""
"049e81e2ee1f992098f96497134c1d8b",3.45,3.5,3.5,3.65,1.7,1,100,""
"049e9efaad9fb4c13754abbaf23a8ead",2.5,4.75,2.25,2.75,4.75,1,20,""
"04a184777872edba84e2ba99dc6a7115",4.0,3.0,4.75,3.25,1.5,1,20,""
"04a236470042f37213492b7f47a3f8fe",3.75,2.75,2.0,3.0,4.0,1,20,""
"04a28256b7e3820f77a1e9a7c48df16c",4.8,3.35,4.25,3.85,2.8,1,100,""
"04a2d682e733ba5b0a16daaf7d2fd2b6",4.75,2.0,2.25,3.5,4.25,1,20,""
"04a3601e8b319f740167723a58c488e7",3.95,4.5,2.3,4.35,2.7,1,100,""
"04a5ea488dc8c8db3fc5c8431252f481",4.0,2.5,2.25,1.75,4.0,1,20,""
"04a61a212eb3b584e736ae1c6661ad8d",4.57,2.79,3.64,3.64,2.93,1,70,""
"04a6246ba9a1c7f275d7dfe3f5ef30e4",3.75,5.0,4.25,4.0,1.75,1,20,""
"04a71b345e601f9b69b9cd9ebd72a63d",4.0,3.0,3.0,5.0,4.0,1,20,""
"04a71c23718993870d69ccdeadac0166",5.0,2.75,4.75,3.0,2.5,1,20,""
"04a77bdefe926e304b583c6f74042d03",4.38,3.38,2.75,4.75,2.63,1,40,""
"04a83370287cbd5beeff54734d58b13d",5.0,4.0,2.75,4.25,3.5,1,20,""
"04a83663d76af6c2a35fbc8288b7e459",4.25,3.0,3.5,3.5,2.0,1,20,""
"04a83dcd4e519cbefbb99a4cf00514f2",3.25,4.33,3.0,2.5,3.0,1,20,""
"04a8d67c1293eb59c384484d45ff57a5",3.25,3.5,3.25,3.5,2.75,1,20,""
"04aa20eeae457c896212713f6b85eec4",4.25,3.75,4.25,4.5,3.0,1,20,""
"04aa8d4f84f6d853ffa04e2e9ff53847",3.75,2.5,4.25,3.0,2.75,1,20,""
"04ab515d837f03534fb2f539e6e44036",2.25,4.0,3.5,3.25,1.75,1,20,""
"04ac9406d9a9ed50349ef415964dab86",4.0,2.0,4.75,4.5,2.5,1,20,""
"04ac99f45e083466fa0dca5c4fffb90a",3.0,2.5,5.0,4.25,2.5,1,20,""
"04acc5a36b650c6f48336544a525d3e7",4.0,3.75,3.75,4.75,2.25,1,20,""
"04ad438eddd55c423e5450bbfb20f18f",3.25,2.5,3.0,2.25,4.0,1,20,""
"04ad94756c14595a3bfebbe4f275e375",3.5,3.25,4.0,4.0,3.0,1,20,""
"04ae37c1a46e71f8e95d189fe0f4cd45",3.9,2.0,3.25,3.35,4.25,1,100,""
"04aeac15afa8314fc8ec7409e161ba03",3.25,3.5,3.25,2.75,2.25,1,20,""
"04af9ba2fd153e44050fb82bc17df8a8",3.5,3.25,4.75,4.25,2.75,1,20,""
"04afb7cd057fbbd2e2e76b561db24354",4.75,3.0,4.0,4.0,2.75,1,20,""
"04b0014d0f016f7367b7714eaefef8e0",4.0,3.25,3.75,4.0,3.75,1,20,""
"04b0bb293467cf1ca1f2853178715510",3.3,2.83,2.16,3.25,3.29,1,100,""
"04b21cc5159084592052583ce4f5ee1e",4.25,2.25,2.5,3.75,2.5,1,20,""
"04b2c61a4fdec7cc59e3d980bcf22e7b",4.0,4.25,4.25,4.75,2.5,1,20,""
"04b34db17bc6ed02a2a6ce85aa694494",3.5,2.25,3.0,4.0,1.5,1,20,""
"04b39ccc8be1a330ba934689eb2480c3",3.75,3.5,2.0,4.0,3.0,1,20,""
"04b3db8e6067eb8014e7884f6b3a37f2",4.05,3.05,2.95,2.15,3.9,1,100,""
"04b4ede7637f07cb471c40398c0de9d4",3.5,4.5,3.75,4.13,2.14,1,40,""
"04b6484fd176654aff267200a661634d",2.75,2.25,3.25,3.0,3.25,1,20,""
"04b7a697989421bac490c91600466e0d",4.75,4.5,3.75,3.5,2.75,1,20,""
"04b83777561640cbd7e4a3a21b32288c",4.05,3.05,4.2,3.55,2.95,1,100,""
"04b97881f2eb3d3455cf6a18e3768f55",4.5,3.75,4.0,4.25,1.75,1,20,""
"04b9df081ef4d1ebcabaf7060d016a62",4.5,3.25,4.5,4.5,1.75,1,20,""
"04baccf1fbeacffd7ec255f0bb91cee8",3.25,3.25,3.25,3.5,2.5,1,20,""
"04bada8c45bb8a047182c0aa48548f76",4.25,3.5,2.75,4.75,1.75,1,20,""
"04bb613c766597a86be1bf10658ef1d8",3.5,3.0,3.5,3.5,2.5,1,20,""
"04bbd76ef169f0da9583b9e6a0342ed4",3.5,3.25,3.5,3.25,3.0,1,20,""
"04bc865c95252d756767c6c145322a6e",4.5,3.25,2.75,2.25,3.25,1,20,""
"04bcd725db341c50a731cec5a7b822e2",4.75,4.0,3.25,3.5,4.0,1,20,""
"04bce28c942086b10169d5270e6afbe2",4.25,4.0,4.5,4.25,2.25,1,20,""
"04bd3b279e0d0f246f5956fd05dc0446",3.6,3.35,2.9,3.15,3.2,1,100,""
"04bd4dcd7d78d1756ffe46e2a04eed34",3.95,3.2,3.3,4.4,1.84,1,100,""
"04bd6d0bcb6c11ef0e1645a5878a13fb",3.5,4.67,4.17,4.4,2.33,1,30,""
"04be38580f3208226a5d8186e9815b09",4.38,4.75,1.88,2.88,1.81,1,80,""
"04be8d0bf4b76b0d291dd469c309bf4b",4.25,2.08,3.42,2.83,3.58,1,60,""
"04bf9ee46093e4948316d1ef043a829e",4.0,3.75,2.75,3.5,2.25,1,20,""
"04bff482dc4aa93f9f4a3bce2e7e4c75",4.0,3.5,4.0,2.25,2.25,1,20,""
"04c0304bcff58122988bef9e1e439632",4.25,3.75,4.0,3.5,2.5,1,20,""
"04c0336b795c8ab92e78737de63772df",3.5,2.75,3.25,3.5,3.33,1,20,""
"04c16def9863cfa5125695d351a48def",4.25,4.0,3.75,3.75,3.0,1,20,""
"04c1c8eba1093725517f84f72e5c4519",4.25,2.63,3.0,2.56,2.38,1,80,""
"04c20f02366924fd1ba411b46210e8b4",3.7,3.1,3.5,3.8,3.05,1,100,""
"04c21c96fb404626e5c285eeea6ac4cf",4.75,3.5,3.75,4.0,3.5,1,20,""
"04c3b5ef4bdcb796c583f486767d55eb",3.75,2.38,3.88,3.13,3.5,1,40,""
"04c3cd2f3acd3ea83528f22f7f0d9b98",4.5,2.75,3.75,3.0,3.75,1,20,""
"04c5d10ac649578700062f8eaeb2f95b",3.25,4.0,3.5,3.25,1.0,1,20,""
"04c6277bd15b853f48a4cc599d19ba13",2.5,2.25,2.25,4.25,2.0,1,20,""
"04c6a22abdaa521ba3750eb34af3af34",3.6,2.85,2.4,4.2,1.85,1,100,""
"04c86a4e94ea7f877cc00b706bf5bac7",2.0,3.5,2.0,2.33,2.75,1,20,""
"04c91a2e8e4424dd646b2362764a8f35",4.0,1.75,3.25,3.33,3.5,1,20,""
"04c93b6bf4e6e1e8ec21b7d90c107f98",3.75,3.25,4.25,3.25,3.0,1,20,""
"04cbb8ad4a0a5618d087f4cc0a465346",3.0,3.0,3.75,2.75,3.75,1,20,""
"04cc557f2ef0665386ded72bb0852919",3.67,3.33,4.17,3.0,4.0,1,30,""
"04cfefdcb6cd61adc6e4d0cefd4fef24",4.1,3.2,2.3,2.75,3.65,1,100,""
"04d005db5c76b55679dda0f585f46dc0",3.0,3.0,1.0,3.0,3.5,1,20,""
"04d0232a1a22d441768236783197de67",4.4,3.75,4.45,4.5,2.3,1,100,""
"04d0e3b2461577eb6002fcf66fe8ae87",4.2,3.4,3.8,3.6,1.8,1,50,""
"04d22dcd2d13ba4f36bd73d91c3a0f69",3.5,3.0,2.75,4.25,2.0,1,20,""
"04d2c4662be45154bb2c7f7e5a143dc1",4.25,3.5,3.25,3.0,4.0,1,20,""
"04d376f478363f8af4f9ca165f392f66",4.25,3.25,3.25,2.25,4.0,1,20,""
"04d3949f2ea8c3f41e1fd8ca3178c806",3.85,3.85,3.95,3.85,2.1,1,100,""
"04d50d2ca6b9380dd19e045451141d16",4.0,3.5,4.75,4.67,2.0,1,20,""
"04d58806c37f240ba3fb5b22a85e6fdc",4.1,4.1,4.2,3.6,3.1,1,50,""
"04d5bdb4c2bd5a850706c842a288ef73",4.5,3.6,3.55,3.35,2.4,1,100,""
"04d647db44a39f63740999f93779005a",4.5,2.85,3.25,4.5,2.8,1,100,""
"04d64b47c002c68ece97b89541c20c77",4.35,4.6,3.9,4.25,1.75,1,100,""
"04d960b3e9ae9c9dd290711b096fc107",2.75,4.25,2.75,4.25,2.25,1,20,""
"04d9f49226629ea66b9da10f3599e1de",4.0,3.0,3.0,3.25,3.0,1,20,""
"04da6c33010e121ef8e0f120ed3adaa2",3.0,3.25,3.67,2.33,2.0,1,20,""
"04dc85620f23fd4fbbebe76ae18e7c88",3.6,3.05,3.0,2.85,2.3,1,100,""
"04ddddcdd2848cfc37dbd27a2a2d0c4b",3.83,4.67,3.5,1.67,3.0,1,30,""
"04de60a563f9403dd573595232e2e2f4",3.0,2.5,1.0,3.75,4.0,1,20,""
"04de807001196a5af768bae5a7a9e7db",4.75,3.75,4.0,2.75,2.5,1,20,""
"04deeb6dd90d25b27f8681f86f98621e",3.33,2.33,3.83,4.33,2.67,1,30,""
"04dfbb76ffdcb0e29727a76f16738ec0",4.05,3.3,3.55,4.0,2.05,1,100,""
"04e000d25d8400c5b1469fba17f2233a",5.0,4.0,3.25,2.25,3.0,1,20,""
"04e02bc3ba7bc962e473e04b3a136b16",5.0,4.75,3.75,4.5,2.0,1,20,""
"04e0a1bac25850556090e2eac60c2163",3.65,3.65,2.26,3.25,4.45,1,100,""
"04e0a6d8d90a24cc5f29f6755ad4d70c",4.35,4.15,3.85,3.2,2.3,1,100,""
"04e0a70d25c750acea2ef45a35f79f9e",4.4,2.6,3.6,4.1,2.2,1,50,""
"04e27e89070f10599e5650a3c3d0953e",2.75,3.75,2.75,4.25,3.5,1,20,""
"04e2bc0cb6c2f299bcef877d56aac63a",4.75,4.75,4.5,3.5,2.0,1,20,""
"04e35294fdd03a93b39cbafa631b9df2",3.8,2.85,1.85,2.7,2.65,1,100,""
"04e549f6c7bbea189a6e1af7aae3483e",4.5,3.0,4.75,4.13,1.63,1,40,""
"04e5feafb387b6a2f462f80989a38e9b",3.0,3.5,3.75,3.75,2.0,1,20,""
"04e6360a7d3c464f0cc8b885986b7d4b",3.5,4.5,4.75,3.75,2.25,1,20,""
"04e64cb7365ad55eaecf3c0a81c145f8",3.25,3.0,2.75,4.25,2.75,1,20,""
"04e6aa1f3aca905318fcad6ee8b796f1",3.67,2.6,4.0,2.17,3.0,1,30,""
"04e71bcafa27d7ce576b1297993dc9b4",4.0,4.5,4.25,4.25,2.5,1,20,""
"04e761543265498b5c1474f94de1f0d4",4.5,3.6,3.6,4.1,2.2,1,50,""
"04e773744a89402a093f8fb27bb420aa",3.25,3.75,3.0,3.25,4.0,1,20,""
"04e7897a4b83bc2108d6ecd76a21f08b",4.5,3.25,3.5,4.0,2.5,1,20,""
"04e7a29bf44aad60b416b7125c9f0462",4.5,3.75,4.75,3.5,2.0,1,20,""
"04e8d786cd93d14545ada73cea1f300f",5.0,2.0,2.25,3.0,3.5,1,20,""
"04e8dc7571ed219fe4069428191190f6",3.0,2.25,4.0,3.25,1.75,1,20,""
"04e9352df0e663893b45dee3bc0deed5",4.0,4.0,2.75,4.5,2.75,1,20,""
"04e96f3587a3e49f00393c1f8f9ac703",4.35,3.25,4.0,3.3,4.0,1,100,""
"04eb1e1a3a8bdb996d4a1934e4f8c1e1",2.17,4.0,3.83,3.67,2.17,1,30,""
"04eb302d2835812441dac77182c54217",4.25,2.5,4.25,3.5,2.25,1,20,""
"04eb4240375eefe7fea6f39c9655a162",3.75,3.38,3.25,3.38,2.5,1,40,""
"04eb52b392185a74710a49f5c28ff370",4.5,3.85,3.75,3.47,2.0,1,100,""
"04ec719e3cce73344171a5be2369256d",4.25,4.25,1.75,4.25,3.5,1,20,""
"04ec815bfffa069154f0d8a39e878069",5.0,2.75,3.25,4.5,2.25,1,20,""
"04ed31a8498085b19645e622de33da9b",4.5,3.25,4.25,4.0,4.25,1,20,""
"04ee3dda14985c8d740b06c74949c475",3.0,3.5,1.75,4.25,3.5,1,20,""
"04ee7b0e18c42305f23161dc457a8060",3.25,4.5,4.5,3.0,2.0,1,20,""
"04eeb89ead30bd406a100347adc59ec4",4.25,4.25,4.5,5.0,2.25,1,20,""
"04ef578082f4cb801a6c5dacd7478b5a",4.5,3.25,2.75,3.0,4.0,1,20,""
"04f0838ed84cec17f58ca3e3a42aafab",5.0,3.5,2.5,4.25,3.5,1,20,""
"04f1015f45302c7ccf47884eb1b027ad",3.5,3.25,3.25,2.5,2.25,1,20,""
"04f2082e58b7f8a19e5aba6bd63b19a2",3.07,3.57,4.5,2.64,2.29,1,70,""
"04f224e0c5aed38ec9d5f289d6738fe2",3.0,3.25,3.0,3.33,2.25,1,20,""
"04f2683be265ad81a2978bdf8a7e2b35",3.95,4.6,3.2,3.15,2.6,1,100,""
"04f27aec4bea5ec7dc45dee423d8132d",3.75,3.75,2.25,2.25,2.5,1,20,""
"04f2824aa6144d1858776f22b9ab7582",2.0,3.25,3.75,3.5,2.5,1,20,""
"04f40666c6efdce4fd0db832f1d820d0",4.1,3.35,2.15,3.65,3.35,1,100,""
"04f4da1f1a85de4b4a668ec46f9a0749",3.75,2.25,2.25,3.33,4.0,1,20,""
"04f51de6c6979a90f67bbce5a5a4858a",4.17,3.0,4.0,3.83,2.17,1,30,""
"04f5a4cc51b2c86d1b9ecd1ba3780fa8",2.25,2.75,3.25,3.75,1.5,1,20,""
"04f5f184b9c189f597840475ee19eb07",3.25,3.0,2.33,3.5,2.25,1,20,""
"04f612bbe26676757cb38e36a151cdc0",4.0,2.75,3.75,3.75,3.5,1,20,""
"04f67a4d10eb9c01a4ccc39eedd31f0c",4.75,2.75,3.0,3.5,1.75,1,20,""
"04f69eb4b477de6938823372ff52b45f",4.45,3.4,4.65,4.3,1.95,1,100,""
"04f710ee81df206ece3fe482a3d0ca0a",3.25,3.25,2.75,3.25,3.5,1,20,""
"04f7e8bbe2a316f5a018170769f7c681",3.25,3.75,3.0,2.75,2.5,1,20,""
"04f7fa7c0bb66cd8330eca7901f1ff71",2.5,4.0,3.25,3.0,2.75,1,20,""
"04f812c422273989312220d3356a8c07",4.25,4.5,3.5,4.0,2.0,1,20,""
"04f82e43610b84378aeab8b0b9cf41d2",2.63,3.25,3.0,3.38,1.88,1,40,""
"04f8e2ea5bbadf8677e6067e84582e20",3.75,3.25,2.5,4.0,3.0,1,20,""
"04f908ee4d1729abecb65461c971b784",3.0,3.0,4.0,4.0,3.0,1,20,""
"04f92cd575b6ace609b120a00e7db11b",3.0,3.25,5.0,3.75,1.75,1,20,""
"04fa4fc4f057b0af7f4f43efca15fdf9",4.5,3.0,2.25,3.5,3.5,1,20,""
"04fad940595b7ed71ad5c7f279e71953",3.55,3.85,3.9,3.75,2.55,1,100,""
"04fbb090dca5cbce18df6c372e840475",4.6,2.26,2.85,3.4,2.74,1,100,""
"04fc060409e9dc4e3747189754a362ac",3.5,4.0,2.75,3.75,3.0,1,20,""
"04fc67fdc5c8d83d65648c86678ff403",3.25,5.0,3.25,3.0,2.25,1,20,""
"04fd5d2462a3a1f5938fd363c8666e1a",4.25,2.75,2.25,2.75,2.0,1,20,""
"04fedf514714a76b361f1cad0f3b4a7f",2.5,2.25,3.0,2.75,2.25,1,20,""
"04ff652a0cd47751f82903db430ff3d0",3.67,4.17,2.17,3.83,3.4,1,30,""
"04ff8af2f6a96897d78fb9cd9a3d101b",4.5,2.25,4.5,3.5,4.0,1,20,""
"04ffde3747b097ad5a501c03c784ebf2",4.67,2.8,3.33,3.0,2.0,1,30,""
"05001f806c3f2046326a615a1e253ead",2.55,2.2,2.5,3.3,2.4,1,100,""
"0500211d2bab4153f0babdb0b2ff3bc9",5.0,2.0,3.75,4.25,2.0,1,20,""
"05002961656fd22a64cb1a1bf4db3480",4.33,4.83,4.67,2.67,1.5,1,30,""
"05004f84fde986f8618488e4b2714aba",4.0,3.25,4.25,3.5,3.25,1,20,""
"0500a9c8113fc9648dc25de2f38318a6",3.25,4.5,4.0,3.5,2.75,1,20,""
"0500ba2ad61fb011cc2941f437d8bc0d",4.75,3.75,4.0,3.5,2.25,1,20,""
"0500d6bc33f8b597fa6d79397a2212fa",3.85,2.8,3.85,3.6,2.3,1,100,""
"0501196d1ed73e6951f294229286c5dc",4.25,3.0,4.25,3.75,1.75,1,20,""
"0502363b225a06ef7dfd0ba99359b8b3",3.5,2.0,3.67,3.67,2.33,1,30,""
"05026df6f91a2e2cd4a31441a135a828",3.75,2.63,2.38,4.0,2.75,1,40,""
"0502c71dfbcb345fb2ab681febacc5d2",3.67,4.17,4.0,3.83,1.83,1,30,""
"0502ff51caccb3b81f63fa15ca02affe",4.75,4.25,3.5,4.0,2.5,1,20,""
"0503057bc0300fbad6f9d158da6793fe",3.72,3.22,3.61,3.67,2.0,1,90,""
"050357b0e048fdcb6a13f51a7643a083",4.25,3.75,4.0,3.75,4.0,1,20,""
"05035fc3110bc00e0787075aa152a341",4.8,4.0,3.9,4.3,2.55,1,100,""
"0504561bcb6a68e153a31de362f4eb80",3.75,2.25,3.5,3.25,2.75,1,20,""
"0504a000afd8202b2287a7e9a2baa988",4.2,2.05,3.1,2.35,2.85,1,100,""
"0504e9a99566d666a4cfca92baba311c",4.25,3.45,4.35,2.0,2.9,1,100,""
"05051b9cc2be152a98fe1054fdea757f",4.5,3.75,4.0,4.0,2.75,1,20,""
"05053e866f49ad89d53ec396672d04e6",4.75,2.75,2.75,3.5,3.0,1,20,""
"050564e6eba102c891d68d4757a4540d",3.5,2.75,4.75,2.75,3.0,1,20,""
"05060332db5416130f1fce1e3a172299",4.25,3.2,2.7,4.4,3.37,1,100,""
"0506240816c0779bd820483af468f0e7",3.33,4.83,4.44,4.56,1.83,1,90,""
"0506d70b0e783ed1dd15050cafd86852",3.0,2.5,3.75,5.0,3.0,1,20,""
"0507256b843e39b93886d6de3719d5d7",4.75,3.61,3.55,3.85,3.85,1,100,""
"0507bf00314f0cd7471e7d7164b1b86a",4.0,2.75,4.5,4.5,1.5,1,20,""
"0507d6183ac841b2cf6a4b253801a13e",3.75,1.67,3.33,4.0,1.75,1,20,""
"0508b480f8a3dbce7d8967e465ae2923",3.75,3.8,3.9,3.75,1.55,1,100,""
"05091833f32b043181a1acc742fd59e6",3.1,2.5,2.0,4.35,3.25,1,100,""
"050ae37b747e6cd82bb438fe84bbad15",4.25,3.5,4.33,2.75,1.5,1,20,""
"050c02c029fc02b53d53c31f2bd7b655",4.25,3.75,4.67,4.75,2.0,1,20,""
"050ca7869b95204aa7357b54adbebe6a",3.25,1.75,4.75,4.0,2.25,1,20,""
"050d220ba1a522b6e8edaff8c00130f2",4.0,3.0,3.0,2.5,4.25,1,20,""
"050decf0e6a3cffeb2da383bd5c37078",3.75,3.75,3.2,3.3,1.4,1,100,""
"050eba7e69ddb2677c86179892688acf",3.75,4.25,4.0,4.0,2.75,1,20,""
"050f7f42e82f697c91f975bf2085ce86",3.5,2.75,3.0,3.5,2.0,1,20,""
"05104104dfcf60378f98d3e6828a99ff",4.0,4.17,3.0,3.5,3.5,1,30,""
"051132cc3e4be09cf398373df64bc193",4.0,3.0,3.25,3.5,3.25,1,20,""
"05113d533f838b6a16c5527d67617646",3.3,3.2,2.05,2.3,2.8,1,100,""
"0511ddafa659f7a3142a332303d9a162",3.45,3.8,2.95,3.1,2.3,1,100,""
"0512508fccccb6aa6a1dfee4baa04793",4.75,3.5,4.5,2.0,3.0,1,20,""
"0513194a350d554b6544ffa65aff24e4",4.0,2.5,3.1,4.45,1.95,1,100,""
"05133604b790df0d71cb00e83223f006",4.5,2.5,3.75,4.0,1.5,1,20,""
"0514f0c2130998e4255c12676d1df67e",3.63,1.88,4.13,3.63,2.63,1,40,""
"0514f7ecb34c2a892568eab922c1fe42",3.75,4.0,3.75,4.0,2.5,1,20,""
"051577b18c5afa38e18f317aedf0b668",4.0,2.25,2.75,2.0,3.0,1,20,""
"0516c0c28f66870582261171ec45c51a",3.55,3.9,3.15,4.15,1.42,1,100,""
"0516fae76789b6defbcb1deefa4ce632",3.25,2.75,3.0,4.0,3.25,1,20,""
"05171dee41c58f374b5addde04221378",3.8,2.6,3.56,4.1,1.9,1,50,""
"0517cb376bbd34eb4130eee5cf966225",4.5,4.0,1.75,2.75,3.25,1,20,""
"0518843fd8e9836985ba66c0356f2453",3.4,3.3,2.5,3.4,3.74,1,100,""
"05194f35d88e1e7767858c764eb220b8",4.7,3.5,2.45,3.4,3.4,1,100,""
"0519f80d53b03788c50ea23fcbb915a2",3.75,2.5,3.75,3.75,2.25,1,20,""
"051a6722a0e81b6ba8de0b99ecd5843e",4.0,4.67,4.25,4.5,1.0,1,20,""
"051c9e38be77decab967cc99d93a33d6",2.25,4.0,2.75,4.75,2.75,1,20,""
"051e22f5b232ec00c72d01c6d8398e99",3.75,2.75,2.5,4.0,1.75,1,20,""
"051e6f04e01ca6968a0d386fb0720ed9",4.33,3.5,3.5,3.5,2.25,1,20,""
"051ea6066ea08cfef2f7892e7726cde8",4.0,2.5,4.0,2.38,3.75,1,40,""
"05209b8184ffd735e39939482dcd9608",3.25,4.25,3.0,4.0,3.0,1,20,""
"0520c8d2b39eb1072bf646982970b49f",4.25,3.5,2.5,3.25,3.25,1,20,""
"052170e579a51b7818b9f6dc768bd8bd",3.75,3.25,3.0,4.5,4.0,1,20,""
"05217c2472d4a167f05a069d65b7a011",4.15,4.1,3.95,2.95,3.25,1,100,""
"0522a0c6f9cc58155ee6cce40fa532e6",3.85,3.3,4.45,2.25,2.95,1,100,""
"0523277d861d07c18ee1436a28591a20",3.5,4.0,4.25,3.5,2.0,1,20,""
"05240324969241e43c5de033ee918e0f",3.9,2.32,3.6,3.75,3.75,1,100,""
"0524089d73e744e24f98b1da8c25751c",2.75,2.75,4.0,2.5,1.75,1,20,""
"05247194ff43a822b64d38af76f14c86",3.4,4.05,4.55,4.85,2.85,1,100,""
"052481654d6c7e8494e70dd993815653",4.25,2.75,3.5,4.0,2.5,1,20,""
"0525b9d8f07b7dd4083ccf8624472644",4.55,4.05,4.0,3.25,2.5,1,100,""
"0525cbb0df731183234e17dd4b0892d2",4.0,4.0,3.5,2.5,3.25,1,20,""
"0525e2d44369e44e40e4f13484a5f8f3",4.25,3.5,3.75,2.25,3.25,1,20,""
"05268d4584d7567cf598553d9b267cf5",3.75,3.0,4.0,3.5,3.0,1,20,""
"0526c03e044a2a6566ec6594cb460bfd",2.75,2.25,4.25,2.25,4.0,1,20,""
"052727fda8c45479926faca346c2e4e6",4.29,2.93,1.54,3.14,4.29,1,70,""
"05289907b107aa45484ffa46d9c700c7",4.75,3.75,4.75,3.75,1.25,1,20,""
"0528a1dc3886b929781ff5a8595e818f",3.67,2.67,3.17,3.33,2.83,1,30,""
"05292ddf071ae1f9b0f1745c27382a0c",5.0,4.0,4.75,3.75,2.75,1,20,""
"05293b0623d4a1c16941fa7c0cff24d4",3.83,4.33,4.33,4.5,2.0,1,30,""
"052a20a05933789d754b3d37cff3671d",2.75,1.5,3.25,2.25,3.5,1,20,""
"052a869cc3e5e1580517b9af5e3f9d62",3.75,5.0,3.5,3.75,2.75,1,20,""
"052ad106c53cd58acfcc934db10d2ed9",4.0,3.0,3.0,4.5,3.0,1,20,""
"052b2e6c1daa1dbb9e824d2a96a2f0fd",4.15,4.35,4.0,4.15,1.75,1,100,""
"052becfd2013ef711fc294d23afe3b5b",5.0,4.0,5.0,4.5,3.75,1,20,""
"052d07c87f511121889e653d7151e931",3.25,3.33,3.0,3.0,2.0,1,20,""
"052d1fc6bd6160b0094fc0483591e13c",3.25,2.0,3.25,2.5,3.25,1,20,""
"052dc747fdefbaccec454574dc6e2684",3.75,5.0,2.5,3.5,3.75,1,20,""
"052e0b077407e104010d2577def44631",2.0,2.75,3.25,4.0,3.25,1,20,""
"052e8e6590c3b85fd3865cfc8e9973fc",3.0,3.0,3.25,3.25,2.5,1,20,""
"052ec6d7109a40d1cea5d0c2691b0bbb",4.75,4.5,4.75,3.75,1.0,1,20,""
"052f4089c0b13f71392b8d56bf8e589b",3.75,4.25,4.5,4.25,2.75,1,20,""
"0530506312e83829309558d7d1f5a2c2",2.5,4.0,3.5,3.33,3.5,1,20,""
"0530c406ece6dd63a9766edb44528fb1",3.0,4.0,2.25,3.25,3.0,1,20,""
"053183eb9a3c6fcab80f629df05be782",4.6,3.15,3.75,4.0,2.9,1,100,""
"05322f1f5ed7c3d8fa7c853100980ae1",3.25,4.0,4.5,3.5,4.0,1,20,""
"05323723d89ebdce89e5f48111d02a89",2.75,3.5,4.0,2.25,4.25,1,20,""
"05328533f3afcd3538ec02d4678b3ca4",3.92,4.5,3.83,4.25,1.67,1,60,""
"0532af5c4e785703dad3f1a25f090e5d",3.65,2.05,3.4,3.0,3.75,1,100,""
"0532e39ff8a2511ca021b57e770e650d",3.8,3.8,4.5,3.6,3.4,1,50,""
"0532e89cdac763095bef92d2cab1df67",3.85,2.0,3.0,3.35,3.85,1,100,""
"05332fc001c9c9c28e779df5cefc5758",2.75,4.25,3.5,2.5,2.25,1,20,""
"0533aa6350b7c4f3e54acd7e1813bef1",2.75,2.75,2.5,3.5,2.5,1,20,""
"0533da9ef22b4976cd7d98a6de8bf6c4",3.0,4.83,3.0,4.25,1.75,1,60,""
"0534088a12faa207e32314f07bf0e0b2",1.67,2.0,4.5,4.25,3.0,1,20,""
"0535365e628e405b89e0f50affe6492a",4.5,2.75,3.5,4.5,1.0,1,20,""
"0535a765e7d25ca33170e3b4b7c5ff4f",5.0,4.75,2.75,3.5,2.25,1,20,""
"05365bf75377fe6ef47e357b92120db4",3.0,3.0,3.0,3.25,4.0,1,20,""
"0536c3b25f999f01bba7cdccc3bb21c6",2.75,3.5,3.5,4.25,2.5,1,20,""
"0537afe77b5611c74d935f16964ee6e3",4.53,3.75,3.0,4.15,3.4,1,100,""
"0537b6db873c3c75de18f08e48352906",4.25,4.0,4.0,2.75,2.25,1,20,""
"0537d59ecc14205e0346dbab06a885ca",4.0,3.2,4.5,4.2,3.3,1,50,""
"0538b5bd195e8e93f6a8a4eaee6457d6",3.75,2.5,4.75,4.25,3.25,1,20,""
"0538d2dfc63a962b08e3d46da7bb3e96",4.0,4.0,2.75,2.5,3.0,1,20,""
"05391eae384cd6ab6493d5b7e073c90f",3.5,2.5,2.33,4.0,4.25,1,20,""
"053966025b5ebad83ee4d6dbef2eda51",4.0,3.5,4.25,3.75,3.0,1,20,""
"0539756ba83dd884d64a1aea7f27c1f4",4.0,3.25,2.25,4.0,4.75,1,20,""
"0539949cb449d0422882ba63e5559d72",4.63,4.5,4.13,4.25,2.25,1,40,""
"0539d389ecc4c009fe17477e65a8ef0a",3.5,3.75,4.75,3.5,2.75,1,20,""
"053b283bb52d1320a369683cbe7d8b6c",4.25,1.75,3.5,3.5,3.75,1,20,""
"053b8799215fc2026b2c5e1933e73cab",4.28,2.42,4.25,4.4,1.9,1,100,""
"053b938a0c2e44c859eb0da0a033578b",3.25,3.0,3.0,3.25,2.5,1,20,""
"053c1983e3e4b912f42770bef570b5f0",5.0,3.75,1.25,2.0,2.75,1,20,""
"053c9a11a1ebd644ead01abc26ba5a8b",3.25,3.0,4.25,3.0,3.25,1,20,""
"053d8823d2518fa1f2cc069aee6867c7",3.5,4.0,3.5,3.25,4.0,1,20,""
"053de8be54a5a9ea9f48e57beb4f63b8",3.83,3.83,1.67,3.83,2.17,1,30,""
"053e1d7bac2d331fbb7a9c2862477579",3.5,4.0,4.0,4.0,2.25,1,20,""
"053e24055e88ea406cd1ab8d1243bd80",3.55,4.1,3.7,3.85,2.15,1,100,""
"053e626e30373fe7790cafac256a3868",4.5,3.75,3.25,4.0,3.75,1,20,""
"053e711c04a41b6456807c31eb601720",4.17,2.56,4.0,3.72,3.17,1,90,""
"053e80e60435f552e163717066ff3880",2.5,2.5,3.0,3.25,3.25,1,20,""
"053ea765b077c9b081c2bfd9e4df5a5e",5.0,4.25,4.0,4.0,2.69,1,80,""
"053ecae326aeb4f14aac531c663d5826",5.0,3.0,2.5,3.75,2.75,1,20,""
"053f8bb4ab05fd6e6217bfeb5367b1d5",4.2,3.55,2.7,4.15,1.9,1,100,""
"05405d046f6f21cc752e305cc3031cf6",5.0,4.0,4.5,4.5,3.0,1,20,""
"05416314f0e4a844095a3235b2b43914",3.3,3.0,3.95,2.8,2.4,1,100,""
"054184707b362073ca4c0cfb199d6358",3.13,2.75,3.88,3.13,3.25,1,40,""
"0541920796da60855861b2c3a3fa16b7",3.0,3.6,4.0,3.0,3.5,1,100,""
"0541d904ea14715a667e81cccccdd2c2",2.5,3.5,2.25,3.75,3.5,1,20,""
"0541f63df5eb95a2fac7245988956654",4.83,3.5,4.33,3.83,2.33,1,30,""
"054222990a21420848a18859efdfedcb",3.8,3.0,3.6,3.2,3.4,1,50,""
"0542a2c0c168e902718326a4e506572c",3.5,3.5,2.5,2.0,4.25,1,20,""
"0542c5fc2e3cb71a9b79019b2ff91fef",4.55,4.3,4.35,4.2,1.85,1,100,""
"05435ca99e2530cf85fda590b0f1a1a5",2.5,4.75,4.75,4.0,2.25,1,20,""
"05438962e0e1ca180d190d2cb6570f7d",4.38,2.5,3.75,3.38,3.25,1,40,""
"05458716aa5a1f8400b8bf137a779c41",4.64,2.86,2.21,2.57,4.5,1,70,""
"0545f7757ccf389111e2d808faf968b4",4.0,4.5,4.0,3.5,2.75,1,20,""
"054635a4fcaa520b4c2f0832f8237a1e",3.5,3.0,2.75,5.0,2.0,1,20,""
"05481534a18969663f59fbf56a307e1e",3.05,4.9,4.0,2.8,1.45,1,100,""
"0548394739bd1083df11ae8e0700f263",3.75,3.0,3.25,4.25,1.75,1,20,""
"05485a91306bd6693b6a61abc91e2e71",3.75,4.25,4.0,3.0,3.0,1,20,""
"05486a213d683e30fbc1e7c09335357b",5.0,2.55,2.35,3.2,4.26,1,100,""
"05488c1dc4dff369fa6b612bbf8f8242",4.2,3.1,2.8,3.1,3.3,1,50,""
"05495d65ac6fe75d84288682652dc239",3.5,2.25,3.25,3.25,3.75,1,20,""
"054b98b9bbe6a68aa60b3e6a9b4bae62",3.5,3.5,3.5,4.25,1.25,1,20,""
"054cd18f9db3e91cc3e7eaae75bf9100",3.4,3.45,3.35,3.3,3.25,1,100,""
"054cf68c987d672a861d955748663430",3.75,2.88,2.63,3.25,3.5,1,40,""
"054d09e85b4386be78081b6dd8e0aa98",4.0,3.0,4.25,4.5,2.5,1,20,""
"054db2ea9e3721dd49013ade972743a0",4.4,3.67,3.4,3.8,1.6,1,50,""
"054e5fd22c26a92926a61c261c99054c",3.25,2.3,2.85,2.9,3.6,1,336,"2011-05-10"
"054ef19b57fbc726ed1e344f3f29b250",4.25,3.0,3.75,4.0,2.5,1,20,""
"054f16d8297d63e2002a169cfbb100c4",4.5,4.0,3.75,3.5,2.75,1,20,""
"054f1f646f822b0dd700fe4a04c25c81",4.75,3.5,3.75,2.25,3.25,1,20,""
"054f62b77840b0bc1beb437c188b2f1d",4.25,2.25,3.25,3.5,3.75,1,20,""
"055239ef50af922b1887b308edd92dca",3.9,3.6,4.2,3.0,2.5,1,50,""
"0552eccf9a4c91df58698ceeb2940318",4.0,1.75,4.0,2.5,4.5,1,20,""
"055309a721dfe43b73bba5f7b102ec54",4.15,2.95,3.0,4.05,3.55,1,100,""
"05534959a4216623dc7bfb7e3b583789",2.5,3.0,4.75,4.25,2.0,1,20,""
"055494b68075692679559b5f7e7a3a2e",3.0,3.0,4.0,3.0,1.5,1,20,""
"0555c7d13cbc2412eba18fcced96320e",4.5,3.5,4.5,2.5,3.5,1,20,""
"055638f0a33b2df4031fadb86076861f",4.0,4.45,2.5,2.8,1.15,1,336,"2010-05-24"
"05568a6f729f3ff64fd4a314ba3bd180",4.0,3.75,3.25,4.25,2.5,1,20,""
"0556b615c6e695ac98ee31a26a37378d",3.75,2.25,3.25,3.0,2.25,1,20,""
"055800fc356b5d57b6e6060bcc5d7dd0",2.0,3.75,2.25,4.5,2.25,1,20,""
"055a705494f167f7948e5b95d59ba017",4.13,2.75,3.13,4.38,3.13,1,40,""
"055a973d78e2b287d2972ed0c369cccf",4.4,3.7,3.3,2.9,2.2,1,50,""
"055b05a19f1b087aaeefdc7ec2512a1d",4.17,3.67,3.33,3.5,1.83,1,30,""
"055ccc923e53eecd138032438ab1019b",4.0,2.0,3.75,4.0,3.0,1,20,""
"055eeb2b65efda8169a37a2a26192bfd",3.75,4.0,4.0,3.75,2.75,1,20,""
"055f127295ecf9a72de091e52e7937d1",4.25,3.5,3.5,2.75,1.75,1,20,""
"0560cb67abd7e006aeb7e13a095e1c49",4.75,3.75,4.0,4.0,3.0,1,20,""
"0560d4cc908a36fbfcea16645015a187",3.25,3.75,4.0,4.5,3.5,1,20,""
"0563b806f22a77ada9a2fd4f75fb4c65",3.5,3.25,2.0,4.0,3.0,1,20,""
"05640465f1608bfcb5dc36b4e77e3ebe",3.75,4.0,3.25,3.0,3.0,1,20,""
"0564784cdaf71999136272f0e9eb5b1d",4.75,3.5,3.75,4.25,2.75,1,20,""
"05647ea3c75e6489b37bfcb212ca0bc0",4.25,4.5,3.63,3.88,1.38,1,40,""
"05651a4e04d28ea1dff82c0918cbbd4b",4.75,3.75,4.0,3.25,3.25,1,20,""
"0565de55c615f2b947dc1e8af6a75a12",3.9,1.85,3.15,4.3,4.65,1,100,""
"0565e4355fb13c642540a145e2de4410",4.0,4.5,4.25,2.75,2.25,1,20,""
"0565f5d4bb23bcddcb5110cfd514c895",4.0,2.25,4.25,2.75,2.75,1,20,""
"0566230f5db593f073b71a30db34ec2c",4.1,4.6,2.65,4.3,3.17,1,100,""
"056661a72b78dd2532dd9b480e65d5e2",3.25,3.0,2.5,4.25,3.0,1,20,""
"0566a4ace809502cb12d66ff35c12298",2.25,3.0,2.25,2.25,3.5,1,20,""
"0566c45a6fd43439d445c7b0ea0f58ad",4.25,3.45,2.35,3.26,2.7,1,100,""
"0566f8846acfeadf19b8d3b8b5d0c8b6",3.75,2.5,2.4,3.1,4.35,1,100,""
"0567197f73f6485febda1a9b6766be8f",3.75,4.5,4.0,4.25,2.0,1,20,""
"0569fefc6763bdce981bd724b1419f7d",2.65,3.15,2.2,2.84,3.75,1,100,""
"056a4ca8efb2ec7037c2f512717d4815",4.0,3.75,4.25,4.0,1.75,1,20,""
"056ac5f59258790fde16f4fd586945b0",3.25,2.75,3.75,4.0,3.25,1,20,""
"056ae5fce4164f2ac27979c4599d2194",3.45,3.65,2.0,3.1,1.5,1,100,""
"056b841f97d12a309c6f04d7211a0d2a",4.0,4.0,4.25,3.75,2.5,1,20,""
"056c548ae05f3d5d06df48bef638a9c4",4.6,2.85,2.6,3.5,2.65,1,100,""
"056c71b16f3972cc14cd3055ae2eed30",4.13,4.0,4.13,4.13,1.88,1,40,""
"056d2a79089e43378e091092130a9d6e",2.75,3.25,3.75,3.5,2.75,1,20,""
"056dab52e4547e369cc95e1538088c05",4.75,3.15,3.25,3.1,2.47,1,100,""
"056dc04c6393551628cdb34322501ce4",3.1,2.4,2.4,3.11,3.3,1,50,""
"056de5af16b0a253dad1be84a5e179a5",3.75,4.75,3.0,4.25,2.0,1,20,""
"056e6b6a7eb69b779824fd2feee174e2",3.75,3.75,5.0,4.5,1.5,1,20,""
"056ea800576462a7a314946178f49228",3.75,1.75,4.0,2.5,3.5,1,20,""
"056facfef70375f157003bbebac4922c",2.5,4.25,3.0,3.25,2.75,1,20,""
"0570a57ce0c289e5db4be21aadccbe1a",3.25,3.75,4.75,4.0,2.5,1,20,""
"0570e118474bfa64d56f3dfd99830dc8",3.5,4.0,1.37,3.37,5.0,1,100,""
"057118f2542bb609d0e2e3700ef665cc",4.5,2.5,4.5,3.75,2.25,1,20,""
"057148243f573a8628f571279947bc03",3.9,4.1,3.85,4.3,2.05,1,100,""
"0571b0ce5e25878b8a26bd892d44c1b6",3.75,1.5,2.33,2.5,5.0,1,20,""
"0571dea30577977f7746a7968df64824",5.0,3.25,4.75,4.0,2.5,1,20,""
"057278da9231ee28df38808d5912be23",4.5,4.25,4.5,3.75,3.0,1,20,""
"05731de43fb03f01b33c50d3aeec5058",4.0,3.75,3.25,3.25,3.75,1,20,""
"0573826cce59c592ba3abdc9e8545bac",4.25,4.75,2.75,4.25,3.5,1,20,""
"0573af039dd42e19df015bdc00306e8b",4.0,2.75,3.25,3.5,2.5,1,20,""
"0574615bfc78617805f2be05ef71643f",3.25,4.5,3.25,3.75,2.0,1,20,""
"0574dff4c0122149973c0ccba5b68ba3",4.25,4.75,3.0,3.25,2.75,1,20,""
"057541a4fc954759e321773920cd2c96",3.25,2.5,3.0,3.0,2.75,1,20,""
"05757777a3f1fe6f5c790d47dc2ee297",3.67,2.33,4.08,2.92,2.92,1,60,""
"057685a3413e6b3e30388deeeacd1ba9",4.0,3.75,4.0,4.25,3.5,1,20,""
"057759a3ae3ebfe5234e7dd9ae312392",3.75,3.5,2.5,3.25,3.25,1,20,""
"0578d633e3ed7859b3fa2cba29ddf595",4.25,3.0,3.0,4.75,2.0,1,20,""
"0578f561f4da2d6005d1cc108e9d021e",3.5,3.0,3.75,2.25,3.75,1,20,""
"05795608d5e2bfaaed5b6991641f613b",2.75,2.25,3.25,3.25,2.5,1,20,""
"057983fa20bed25417de696b855a324d",4.05,2.8,2.75,3.9,3.35,1,100,""
"0579aac2fb95357ff921d3ab64694c24",4.2,3.4,3.79,3.1,2.26,1,100,""
"0579de6f07b998c7aefbfd7a973f72a3",3.5,4.0,2.5,1.75,1.0,1,20,""
"057ae9fa766136241415b2c97e404a81",4.25,2.5,3.5,3.75,1.75,1,20,""
"057c191e3b15a4e3100daaae2cf2a774",3.57,4.0,4.29,4.07,2.36,1,70,""
"057c2560cfa0d057f83a1415aedb7e0a",3.5,2.75,4.75,4.0,2.0,1,20,""
"057c562033bae859bef291076e4cc1de",3.5,3.25,3.5,4.25,2.5,1,20,""
"057c69e10b37adbbe1277d0287263e66",4.25,3.5,3.25,2.75,3.25,1,20,""
"057c6efbed1616eb661a9ebd9ff23037",4.7,3.25,3.65,3.5,2.75,1,100,""
"057e20548bc452def2af426936497bb4",4.75,2.5,2.25,2.75,3.5,1,20,""
"057e5ce6189c9c4fe28afecd8735277d",5.0,5.0,5.0,4.0,1.0,1,20,""
"057eae408e42e2eb9e474d8ea5717a04",4.5,3.5,4.25,4.0,3.25,1,20,""
"0581b732a5920140c5519722282df99a",4.25,3.5,3.5,3.5,1.5,1,20,""
"05838c3fb21df8abcdf8a2986424d2ee",2.75,3.33,3.5,3.5,2.75,1,20,""
"05843f18e0a5a02e45ef8cea31ec3be7",3.0,4.0,3.25,3.5,1.5,1,20,""
"0584589380d3257f1ee3a08214f122a7",5.0,4.25,2.5,4.0,4.0,1,20,""
"0584875db523f1df1a6ab90da700e652",3.85,4.25,4.0,4.6,3.6,1,100,""
"0584d4c2b72d2d01f0ca4e4de38d17cb",4.75,4.25,3.5,5.0,1.25,1,20,""
"05851a41c1df90fd48440963ff8ead14",3.5,3.25,3.0,3.75,2.5,1,20,""
"0585a3ff3dcfd3aaab8d66d7ec938a82",4.4,3.25,5.0,4.6,1.7,1,100,""
"058640237aba15ca40f82834d5f2a8b2",3.94,3.15,4.53,3.84,2.16,1,100,""
"05865f1fe0a4e68f29c9b8f3819da6fc",2.0,3.75,4.0,2.5,2.25,1,20,""
"0586f78e9a3e9aea257eece4da862bc2",3.25,3.75,3.5,4.5,3.0,1,20,""
"05870dae7829a3de2c2782d868a5f59b",3.15,3.42,2.3,3.0,2.45,1,100,""
"0588b78765dbc6f92a0bf9afb4704670",2.67,3.75,4.0,2.75,2.75,1,20,""
"0588f032585cf262a74bfae0d9cf85c0",5.0,4.75,4.75,2.25,3.0,1,20,""
"05896b03be328bf754937a95a8c8679c",3.0,3.0,3.25,2.5,3.25,1,20,""
"058a49eed7fd3696bfaa6539dad82678",3.5,3.5,3.5,3.25,3.75,1,20,""
"058a76724fc4a0138e707aa955ae0c09",3.5,3.75,2.5,4.25,2.0,1,20,""
"058b4c35ff39f96c6350b20d1ee688db",5.0,3.0,4.0,4.25,2.75,1,20,""
"058c8d3c556358047e6cc084536f0f74",3.25,2.75,3.25,3.5,3.0,1,20,""
"058ce1756d9750ad76ba719c178f686a",4.5,3.85,4.3,4.8,1.45,1,100,""
"058d5d99023f4d6f3e41701699c66478",5.0,3.75,3.5,3.5,2.0,1,20,""
"058eb472bbb891bcab9daf8d7082925c",3.1,3.5,2.95,3.35,2.9,1,100,""
"058ec5344aa3e8596098438f97aa4c23",4.45,3.5,3.45,3.8,3.5,1,336,"2010-09-07"
"058ff65614da020835bd1a9f93dbd84c",3.25,2.25,3.25,3.0,2.75,1,20,""
"05902a4943e669a4ef603bba3a2070c9",3.0,3.25,3.25,3.75,3.0,1,20,""
"059055f2401ce40d2550f9b7c6ca7463",1.75,2.5,2.25,2.75,4.5,1,20,""
"0590b88be07e42316346faa12e2ce015",5.0,3.25,5.0,4.5,1.75,1,20,""
"05910bcf580df0358dc1bd677040569d",4.5,4.25,5.0,3.0,2.5,1,20,""
"05911f1c3ddaf0f31b537bda927351a8",4.45,3.15,3.25,4.25,2.45,1,100,""
"05923e4fd18960c27c067d2abf7e81a0",3.0,3.5,3.0,4.25,3.5,1,20,""
"05935d7bc69de6c4184806214b532f96",4.13,3.75,4.75,4.13,2.88,1,40,""
"05955585ca852b80faf720ce87be58bc",2.25,4.0,2.75,3.25,2.5,1,20,""
"05959048d5b54bed9cea611c9cae63ae",2.5,3.5,3.25,3.5,3.0,1,20,""
"0595adfb10591a18b3433a5282ddd727",5.0,4.0,3.25,3.25,4.25,1,20,""
"0595ef9a35d1e36744019337fac92f94",3.05,2.8,3.35,3.6,1.25,1,100,""
"0596d878248e33b34a3a675ad95458c4",4.5,3.5,4.75,5.0,4.25,1,20,""
"0597f1d749a3239873bce55aced4d6f5",3.75,3.5,3.25,2.75,3.0,1,20,""
"05980cdec7672245895d576f235a5503",4.25,3.25,4.25,3.0,3.25,1,20,""
"05988aee4d5d95b1e15368e8735698f8",4.5,2.5,4.0,4.0,3.25,1,20,""
"0599354091632c80ca9490e9fe73f811",2.33,4.75,3.0,4.0,2.5,1,20,""
"059a3a0421141cc35220092eef4741a5",2.25,2.5,3.25,3.0,2.5,1,20,""
"059b5254c8d254f613ae9472dd27055a",3.83,4.83,4.17,3.33,1.0,1,30,""
"059c18ea701ce88479c9e10a25cb8284",4.1,3.8,3.37,3.7,3.45,1,100,""
"059d3ce44c9b8dda50a69ff87185b05a",4.5,4.25,2.25,2.75,3.25,1,20,""
"059e4a1a4a7b6ee7a0df28548d05061d",4.44,3.19,4.44,3.31,2.63,1,80,""
"059ec79d7008af7c80b4ec487de933cb",4.6,4.55,4.2,3.3,1.85,1,100,""
"059ee2ddcd5192a08311abc8fdbb91be",4.4,2.7,3.7,3.74,1.9,1,100,""
"059f17a55de1df8fc377a5d90ad7c628",4.38,4.5,3.38,2.13,1.5,1,40,""
"059fd5a2dedf8d15d35b89b0e559c873",4.5,2.75,4.25,3.25,2.25,1,20,""
"059ffa4fd88893fe72438a44d1e2bd6a",3.15,3.8,3.2,3.9,2.35,1,100,""
"05a050a42d4a124753d2d1a277ad22e3",3.55,3.55,3.2,4.25,2.0,1,100,""
"05a1328bba47883edce993e068a50ace",4.25,4.0,3.5,4.75,3.25,1,20,""
"05a1a1b67e3d7a923f9d0ee5502757c0",4.45,2.9,2.3,3.2,3.55,1,100,""
"05a2267a4f3b780b86c64c818475eff4",4.0,2.75,3.5,2.75,3.25,1,20,""
"05a37c9261beb9bce3395b4707246948",4.2,3.4,4.95,3.95,1.68,1,100,""
"05a38cf6ea640315a9d987505a7958c5",4.0,2.0,4.25,3.75,3.25,1,20,""
"05a3c67e9d59600e21d6b115bdef4a09",4.0,2.5,1.75,4.5,2.25,1,20,""
"05a3d21a1836198c80604d723ddf1cc2",3.0,3.25,1.5,3.25,3.25,1,20,""
"05a3d4c55228eb1ded4babd1e3d0da26",3.1,2.85,3.84,2.8,3.79,1,100,""
"05a489561bfec90ff9d8e5eab150671c",3.25,5.0,3.0,3.0,1.25,1,20,""
"05a55320851b1d3a5df0cd8d23e51d1d",3.83,4.67,3.0,4.0,2.0,1,30,""
"05a5bc408184476fcd9f98a2747df270",3.95,3.8,3.68,3.44,2.3,1,100,""
"05a5f1e8d3030c6105987dacc5c4711c",3.0,2.8,1.25,2.75,3.95,1,100,""
"05a700ca66a5606da534bf51b3ff23c4",3.5,4.0,3.83,4.17,2.33,1,30,""
"05a7ffee4dbbbf49fb420cc2d0d09f32",3.25,4.15,4.6,3.8,1.85,1,100,""
"05a81c2b542c8f9ca3ee9c5af2be5409",3.75,3.67,3.25,3.75,3.5,1,20,""
"05a86944cbe1f621b55b946b63fa35f0",5.0,2.5,4.75,3.75,4.0,1,20,""
"05a8951807ff725a5d02dd169184ab99",3.7,4.1,3.8,3.4,2.78,1,50,""
"05a8f9ea8afc38b1aaeff348fda91627",4.0,3.75,4.0,4.0,3.25,1,20,""
"05a919c1aa6e006687ca028e5d0d41b4",3.5,3.5,3.5,3.75,2.25,1,20,""
"05a971285d53227ffee7025665e6c25e",4.75,3.75,3.75,3.0,2.0,1,20,""
"05a9722aed266790a0f57aef34c14be4",3.89,3.7,4.2,4.3,3.0,1,50,""
"05a98c0ad3caadfa6e0d6b6330c45fc4",4.75,3.5,4.5,4.75,1.0,1,20,""
"05a9968ca99d087bb87e633549877485",3.75,2.25,2.5,4.25,2.0,1,20,""
"05a9b2bc407a4d302c6f557c34b16cfa",5.0,4.0,2.25,3.0,4.75,1,20,""
"05aa0e96c61ddc0cef1c55cd36a2e9ed",3.5,2.0,3.0,3.0,3.0,1,20,""
"05aa4b0c2f1c316c669a04a8ccf47910",3.75,4.0,2.25,2.75,2.5,1,20,""
"05ab82e26c783bf60b352f1cd646d357",4.25,2.5,4.5,3.75,3.5,1,20,""
"05ac2c4010e95507200ed8a4b92a7629",3.1,3.3,2.8,4.35,3.3,1,100,""
"05ac822bcb9d9a6ed8a364bc30508ea4",5.0,3.0,4.25,3.5,3.0,1,20,""
"05ac9762cf47053045a9ef0b151e45b9",4.3,2.95,1.75,3.2,4.65,1,100,""
"05b027862d174a5d692592648ecf649d",4.45,3.9,3.5,3.4,2.6,1,100,""
"05b0889e74077eb10f22ff21e0e158b9",4.25,3.25,5.0,4.0,2.75,1,20,""
"05b0e0a84059bae0645435e19b689485",4.5,3.0,1.25,3.5,4.75,1,20,""
"05b13576df18e3e80c0651d82e6f78c4",4.75,3.25,3.75,5.0,3.25,1,20,""
"05b1431519eed614883b6d4f2abbf8d9",4.25,3.0,4.25,3.75,5.0,1,20,""
"05b17d3c5d39901b86c3f2ac6ead7993",4.5,2.25,3.25,3.25,2.75,1,20,""
"05b1a28da86d89ac4d5191aa1029e254",4.33,3.17,3.33,3.67,2.83,1,90,""
"05b1b9ec6efcb26f0e0cdd80c56e7a5b",4.75,3.25,4.75,4.0,1.0,1,20,""
"05b1db42081fcb57ff67e1fdc730ef2f",3.0,2.0,2.75,2.0,4.75,1,20,""
"05b39abd3721e0b7c8c70e0360691e55",3.9,4.2,3.5,4.45,1.8,1,100,""
"05b3d2228454ec2b3cbb5a6358d95c10",2.5,3.75,4.5,4.25,1.5,1,20,""
"05b3f7ae290b39a29df0b5b47157b912",3.0,4.5,4.0,4.5,2.25,1,20,""
"05b45d42dbf8ff5a3c5f8b200e9b89ae",3.0,2.5,3.5,3.0,3.75,1,20,""
"05b5846d019e80b656c65cfa50affb08",4.5,3.5,2.5,1.25,4.0,1,20,""
"05b6398b2e9a94394257f63bdc248311",4.15,3.35,3.5,3.95,3.05,1,100,""
"05b6dc3e9efd328a8a593a9533f36ba4",3.4,3.7,2.68,2.32,2.6,1,100,""
"05b787a9bc9b70a15bf7b5d4328c773a",4.0,4.0,4.63,3.5,1.71,1,40,""
"05b7d160f497a200cabf03c836d3bf7f",2.75,4.0,3.75,3.5,1.0,1,20,""
"05b832421aa8ba7cc5ac5c3c6603ffb2",3.5,2.25,3.75,3.5,3.25,1,20,""
"05b8a961e546b6b9dcefc8156dc8d516",3.75,3.5,3.25,2.5,3.75,1,20,""
"05b8be48386ac4dbffec9cb7286e56d5",4.15,3.6,3.9,4.3,2.15,1,100,""
"05b8e42b46884ebf8b83a3b357279441",4.6,4.05,4.15,4.35,2.1,1,100,""
"05b9bd00406855c31093936a751991a2",2.5,3.25,3.75,3.25,2.75,1,20,""
"05ba1568bf5a0626cef7086fc64b8968",4.0,2.88,4.38,3.81,3.5,1,80,""
"05ba273ec379d4114bdee9703b11b119",4.7,3.25,4.1,2.9,3.35,1,100,""
"05ba7140b50708c69bc06221db24a9de",4.05,3.2,2.45,4.05,3.5,1,100,""
"05ba758020d4130d153afe4df388988c",4.35,2.65,2.65,3.1,2.35,1,100,""
"05bb2a33f353adbab27d92ddf16a7e8d",3.6,3.4,3.0,4.0,2.55,1,100,""
"05bc2877c1e83e432f600f822e5f5159",4.25,4.0,2.0,3.5,2.0,1,20,""
"05bcff2f449218253d7a9e9f5ca125c7",3.75,3.75,2.5,3.25,3.0,1,20,""
"05bd17e981a728136400cd5f0f86773d",4.0,5.0,3.5,4.5,2.0,1,20,""
"05beeb84843886438626111778b492bb",3.0,2.5,3.75,3.75,3.0,1,20,""
"05beefbef40c7f846985e952debe9ab7",4.35,4.4,3.95,4.1,1.15,1,100,""
"05c017fa267bac9935d5ad8496c2753e",4.25,3.57,3.86,4.43,3.25,1,40,""
"05c040f12bb830afd8c4c73e7c78a62d",3.75,4.75,3.5,3.75,2.25,1,20,""
"05c06a296abf625397d19ea6d7fba80b",3.5,3.75,3.0,3.75,2.0,1,20,""
"05c11c01b5c71530a793c26326816797",4.5,3.5,3.75,2.75,3.0,1,20,""
"05c153174e122378a7baace108e67ea1",4.65,3.65,4.1,4.1,2.3,1,100,""
"05c156153fabe5cd33b75733623e5344",4.25,3.13,3.88,4.63,1.38,1,40,""
"05c191b9d96f2eb56d6cbc28c75b737c",3.0,4.75,3.5,2.0,2.25,1,20,""
"05c1a511b0c809dd09a261ebf9c9dd90",4.35,3.5,3.74,4.0,2.7,1,100,""
"05c1c4490713cd5ba1480891cf7675df",3.85,4.1,4.5,3.55,2.0,1,100,""
"05c281e31e93be4868a53a840af6479a",3.5,2.75,2.25,2.5,3.25,1,20,""
"05c37b4355a344118e70ae458661c54f",4.45,3.7,2.45,3.42,2.7,1,100,""
"05c41e4650a28c4adcd553450cb4c7d3",4.5,2.5,3.0,3.0,4.5,1,20,""
"05c5c6c4c405359f9cf19527452ed6fe",2.75,3.75,4.25,4.25,1.25,1,20,""
"05c5d565d2fca14c2ae5cde9f36ff2f8",4.1,2.95,2.75,2.9,3.5,1,100,""
"05c60c7fc92a3c59ac4d6c24064e5a3c",4.0,3.5,4.25,2.5,3.0,1,20,""
"05c6531eeea78b0380fa4bd884d96215",3.75,4.0,3.5,3.25,5.0,1,20,""
"05c67375b7e7d06f8686317c22c870e3",4.35,3.3,3.7,3.4,3.6,1,100,""
"05c6bf9a9113e210063aa4e50f97fedd",4.2,3.25,4.3,3.0,2.95,1,100,""
"05c6ecc2ef68329a0e4d0ecfe45d0b90",3.75,3.75,3.25,4.5,2.75,1,20,""
"05c793c80fdbc2df6cd51f2ca4cb1a11",2.75,3.0,3.25,5.0,3.0,1,20,""
"05c7cf19bcc240ded557645cfe1fbd63",4.55,3.9,3.6,3.6,2.7,1,100,""
"05c7d402f5bbdf03666be7f2fe511557",4.5,4.5,4.25,3.75,3.75,1,20,""
"05c7f3c4f445d39b368cdc9c9cb5fac3",3.75,4.25,3.0,3.75,3.5,1,20,""
"05c80f0df79f70ab7d98ec51027c8465",3.9,3.7,2.53,3.35,2.55,1,100,""
"05c8903e54dbb1d132c357868e6c4e8f",4.5,3.75,3.0,4.75,2.25,1,20,""
"05c8e041dfa1172f9e1f5dccd54ce251",4.55,4.53,3.58,4.8,2.05,1,100,""
"05c9b56f61760400b79e1fd1b420d397",3.75,3.75,4.0,3.25,2.25,1,20,""
"05c9e605d6699d90fa9a3adc62d0d61f",3.75,3.5,2.75,4.0,1.75,1,20,""
"05c9f0adc8384a50783806a63aea3e3f",4.75,3.75,2.5,3.75,3.5,1,20,""
"05ca00ea1d5fff5f18ebe26afb42452d",1.4,1.5,1.8,2.3,3.7,1,100,""
"05ca12c264fac525623245f0d6a91ac4",3.67,2.0,3.92,2.33,4.17,1,60,""
"05caf3326b5307f2b23aee92e3181a78",4.0,4.5,3.75,3.75,3.75,1,20,""
"05cbcb84484b247ae5c6a391ca8fc8fc",3.9,3.15,2.05,3.8,3.75,1,100,""
"05cc6f890804a14f7414dfe00d07dae1",2.75,2.5,2.0,1.25,4.0,1,20,""
"05ce38ac576d7e43ea19ab83fc5e1e75",3.75,5.0,4.25,2.25,3.5,1,20,""
"05cea01e3dcf942601af5cf07c645321",4.2,3.17,3.33,3.17,3.33,1,30,""
"05cf4ffe55f6aec29dd6c76b3797f0a6",2.5,4.5,3.75,2.25,2.25,1,20,""
"05d026116452617576d525e599ad03e6",3.25,3.5,3.5,4.5,2.75,1,20,""
"05d241ea97bd4430e8a20a8db4cc16c6",3.25,4.0,4.0,3.75,2.5,1,20,""
"05d2566f3a0a52affc6d1bf9c693bfcf",3.75,2.75,4.0,3.25,2.75,1,20,""
"05d2b03fdfa3a22cce7252dfc4792e27",4.5,3.0,1.75,3.0,2.75,1,20,""
"05d2b6c5dda6d2ce1c2ff522742f8ee8",3.5,2.0,3.25,2.5,3.75,1,20,""
"05d2f5027725e3b5a27748066f793f9c",4.25,4.5,3.5,4.67,2.75,1,20,""
"05d3156f46016a05b703aba185498435",4.9,4.26,4.05,3.55,2.1,1,100,""
"05d34765864fad34b381378f3750ca46",3.25,4.5,3.0,3.5,2.0,1,20,""
"05d3526fbc40766a19a2a04cf63afc77",4.5,3.8,3.0,4.4,2.7,1,50,""
"05d4bc37d3313480f909f0d88688c6fb",4.1,2.9,4.3,2.7,2.4,1,50,""
"05d4dc3f79d5110c4913b07710691cc5",2.75,3.5,2.75,4.25,4.0,1,20,""
"05d507aa60915f6f2a3859d7a33ef8e6",4.8,4.4,3.4,3.4,3.3,1,50,""
"05d51341d466fe7f1db081d3c7db7f94",3.8,2.33,3.6,3.67,2.33,1,30,""
"05d56e33c64b7c5fb459aa2f44e4eee9",4.5,4.0,3.75,4.75,2.25,1,20,""
"05d6f28ea7b7b6200de827fd63183657",4.0,4.5,3.75,4.0,1.5,1,20,""
"05d716602c8a80110b25471abb250d87",3.75,2.25,2.75,4.75,2.0,1,20,""
"05d8fe9f0dfd09e5e5a86aa9a86f6b08",3.75,4.0,2.25,4.5,4.0,1,20,""
"05d9d2439ceb3505dfcdb4fc228a384b",4.2,2.55,4.75,1.85,4.0,1,100,""
"05d9e8f6fb5a354b6187e9283ca928b9",3.75,3.75,3.75,4.0,2.25,1,20,""
"05da46b78533919fb5239bdf44de03ee",5.0,1.25,4.5,3.0,3.5,1,20,""
"05da564d6051072d498a6fabfef98818",3.5,4.5,4.25,2.5,3.25,1,20,""
"05db13949b92aa2ff52b8f781d15d6dd",3.25,3.0,4.0,3.75,3.75,1,20,""
"05dbdef11fbb7da75b2f746424895c41",4.89,3.85,4.95,3.5,1.4,1,100,""
"05dd59700c6e10f56b892f8a817c0b5f",3.75,3.0,4.0,3.0,2.25,1,20,""
"05ddbbfc4373467cf2138c041e1f309d",3.5,5.0,2.0,3.0,1.75,1,20,""
"05de0f77a5e4b554f021dd13bc6d1c36",4.35,4.6,4.1,3.15,3.7,1,100,""
"05de4f2c203f4a6a8760489a388825f5",3.85,3.95,2.3,3.25,3.15,1,100,""
"05de83d54d268771a0dd668fae1058c6",4.3,3.6,2.16,3.45,1.7,1,100,""
"05df13ac1d2e34a3abf13e351ba42b9c",3.75,2.25,2.75,2.25,3.5,1,20,""
"05df2a7413b59529f776f435fe0ebc30",4.16,3.5,3.15,2.58,4.05,1,100,""
"05df95fafb2898468e33ce6c4dc1c14e",4.8,4.15,4.1,4.1,2.8,1,100,""
"05dfc7c7ebc4d531b6a8833306be38c0",3.95,4.65,4.3,3.85,2.2,1,100,""
"05e05f226c3d48f7f2a6687ceebf6bdb",4.8,2.3,2.9,3.75,3.4,1,100,""
"05e080cae47ae37a1be1c8f677aeb38f",3.75,4.25,4.0,2.0,3.5,1,20,""
"05e112afdbaa24ceccc2fc6c61746fe9",2.75,3.0,3.0,4.0,3.25,1,20,""
"05e19868af0e5b223b156d72f437f225",3.67,4.0,2.5,2.75,3.33,1,20,""
"05e2155d4fcbdc55c364d9184bd5205c",3.75,4.25,3.0,3.5,2.75,1,20,""
"05e2224a6df7b5b98a3b39d11ffa1730",3.2,3.8,4.1,3.88,2.7,1,50,""
"05e31c53c71310193159d8b4625d36d1",4.25,3.75,3.5,4.0,2.25,1,20,""
"05e46f9908250691637812dab74d207b",4.5,4.5,4.25,4.75,2.25,1,20,""
"05e5bb2c53b07534a5380134314bd38e",4.75,4.25,4.75,3.0,3.0,1,20,""
"05e6087e2c2ec512e573dbb5444b06a9",2.25,3.25,3.5,4.25,3.25,1,20,""
"05e66725cad51b943220542d1331d03d",3.63,4.0,4.0,4.25,2.13,1,40,""
"05e692c5fa868db5396fdd604ac62a51",3.7,3.55,2.6,3.5,3.55,1,100,""
"05e699f9c656b022f9bc7cd6bd821fc0",4.8,3.7,4.75,4.15,2.3,1,100,""
"05e71d551ba54b09b3d6634fa0f0097e",4.5,2.75,3.75,2.0,4.5,1,20,""
"05e939d43d49aca8c3d7c8f55c780dbd",3.63,2.63,3.38,4.0,2.25,1,40,""
"05e96e291005759bc06f851e3c58b08f",3.5,3.75,1.75,3.75,3.67,1,20,""
"05e99fe55d87c88ffe3ba80b1cc8e82c",4.13,3.63,4.13,3.25,3.63,1,40,""
"05e9abb091c1f32531df73b162fe8b65",4.0,3.5,3.5,3.33,1.4,1,30,""
"05e9f6c7e75fb7f68af29b17be0eb2d0",3.5,2.5,3.75,2.75,3.5,1,20,""
"05ea3fc54223c4d3607f0edcbdb0ca46",4.75,4.75,3.25,3.0,2.75,1,20,""
"05eaa9bcd05dd372597df10dd704dda6",3.5,3.25,4.25,5.0,2.5,1,20,""
"05ec1b5f97aacd95872cd289ee33b487",3.5,1.5,4.75,4.25,2.5,1,20,""
"05ec543f46f51149ef25948b657ca5e8",4.5,3.75,4.0,3.75,3.0,1,20,""
"05ecb26d3b316394b73ff74535436b02",4.9,2.25,2.55,3.7,3.6,1,100,""
"05ecc1b769443841ef8b9d13292eb5f5",3.75,5.0,2.5,3.75,3.0,1,20,""
"05ed06ad36626644ea254d0d969f44ee",2.6,3.63,2.82,3.7,3.32,1,100,""
"05ed3226e665cfe242a8bb495d1a28f6",3.0,4.75,4.25,4.25,1.0,1,20,""
"05ee91d57b94e0dcf6b87aec7500baa2",4.0,2.33,3.67,2.67,4.0,1,30,""
"05eec31d1aa794234021207159c769ed",3.33,3.5,4.0,3.67,3.33,1,30,""
"05eee533a8be0c843acf46e127379175",4.75,3.0,4.67,2.0,4.0,1,20,""
"05ef34c63491cea0fe1300e78a77bf5f",2.2,4.4,2.7,3.9,1.7,1,50,""
"05f012b486656557a1dd9f4d80d1d849",2.5,3.25,3.25,3.25,3.0,1,20,""
"05f2042f4253c9cdd9bc0acf063e2124",3.9,2.85,2.15,3.45,3.25,1,100,""
"05f29293f8eb8aab5fab2a603605a18f",4.5,2.75,4.75,4.5,2.75,1,20,""
"05f3e450a0d888b77d5437ff9498468f",2.5,3.0,3.0,3.0,3.0,1,20,""
"05f4c5a3046e2eaca5e531dd55d94a82",2.5,3.75,4.0,2.75,2.75,1,20,""
"05f5224da39804ec996caa104489448f",4.25,4.75,3.75,2.5,1.75,1,20,""
"05f545a89a174ab0fbfce9b05771828f",3.45,2.75,3.7,3.6,1.9,1,100,""
"05f57e6542374bfa8558cbc1a7c207e0",4.0,2.5,2.0,2.25,5.0,1,20,""
"05f5e5c565a99182f0a480741a41aff0",4.75,3.38,3.94,3.94,2.38,1,80,""
"05f633245f14130ee0e6a58b7701005c",4.5,2.67,3.06,4.06,2.83,1,90,""
"05f7e1dc31cec27b6e073421d7106a90",4.25,3.75,3.75,3.25,2.75,1,20,""
"05f83a9ecb5c4921c86152d4bd48025a",3.25,3.75,2.5,3.5,3.5,1,20,""
"05f98decce2605ee715c84328985c659",3.85,3.65,2.9,3.65,2.3,1,100,""
"05fa0bb58dc63cbe9fb5ab3388e18ea3",3.75,2.75,3.0,4.5,2.75,1,20,""
"05fa182dc41cc49eb58f4383e7393668",3.25,3.0,2.75,2.75,2.5,1,20,""
"05fa3f39c2006705795b2df15bc3820c",4.45,3.7,3.7,4.55,2.4,1,100,""
"05fa46ab3660309a7b8243c7c7eb1514",4.0,3.25,4.25,2.5,2.75,1,20,""
"05fab8434e9d217f06b566b6dee000b2",3.75,3.25,3.5,4.75,1.75,1,20,""
"05fb5fb095a13548cad53b7db43e4aca",4.25,3.8,3.0,4.0,2.26,1,100,""
"05fc289b3b5bbe827363782fb176f02f",1.25,4.75,5.0,4.25,1.0,1,20,""
"05fc3fb35a2e17d2b2ad49a26ad30d73",4.33,3.83,3.92,3.75,1.25,1,60,""
"05fd0b0b3dfd827273aea288e45a7610",4.05,4.2,3.65,3.9,3.9,1,100,""
"05fdff352828febef2cfb7d341c0e4ee",4.17,3.5,4.17,3.17,2.83,1,30,""
"05ffe7f99b97d84a8c7878a079bfa25a",3.38,3.38,3.88,4.13,2.5,1,40,""
"05fff4109d576bfbb332e98bb52e9311",3.0,5.0,4.25,3.5,3.25,1,20,""
"06000ae622ffef97972f46d0c9e35f90",3.5,4.25,4.5,4.0,1.5,1,20,""
"060041367083e9805b7f0ccac3239300",3.75,4.38,4.25,4.13,2.38,1,40,""
"0601e998d8950917e5510ca8781c74b5",3.25,3.25,4.0,4.25,4.25,1,20,""
"060250a5e32c1a55f91363ecd1a1d1a9",4.5,5.0,4.25,2.0,3.0,1,20,""
"0602ef9fa65b803e606c761f8671b34e",4.05,2.75,3.2,3.1,3.0,1,100,""
"0602f5dfc37093a29e2a840f427eb3ad",3.0,3.75,4.5,4.0,2.0,1,20,""
"06030bb04391e087f06cb2665fbb55a4",4.33,4.0,3.5,4.0,2.5,1,20,""
"060363de44069c0ee158cf710046d258",4.25,2.25,3.25,3.75,4.25,1,20,""
"06038d0b12deb635fbd0f5a7825151c0",4.0,3.75,4.5,4.25,3.5,1,20,""
"060446a48b99c02aeaf565dc41fb2a91",3.4,3.6,4.6,4.2,2.2,1,50,""
"060482bdc9cd48ae6d068e529ae582ec",3.9,3.1,3.3,3.55,2.3,1,100,""
"06052200e95a08f83962ed3a07ea27d3",3.75,2.5,3.75,4.5,2.25,1,20,""
"06054ed3971dcce97c52ada630fc6ccb",2.67,3.0,3.5,3.75,3.25,1,20,""
"06059f06d97a8bca0ba3acc5295850f4",3.67,2.5,3.0,2.25,2.75,1,20,""
"06063b89ae16f5c1f393ecd0f7924738",3.25,4.0,3.5,3.25,1.75,1,20,""
"06065ff9df41b6f811b0916dd881bf09",3.5,1.25,4.25,3.5,2.25,1,20,""
"060686f7ce871cee465aa2a6ddb3d6a1",2.0,3.0,3.0,3.75,3.75,1,20,""
"0606ee5594df07d9eb489a4500dfbdf1",4.5,2.75,3.0,3.25,3.0,1,20,""
"0608079834ca650504a5b9c2cd0b9524",3.75,4.5,4.25,3.25,2.5,1,20,""
"0609143ebb6aa59ac8a71bcca1142b68",4.25,4.0,3.25,3.0,2.75,1,20,""
"0609904dabc16547c05d92fe44344104",3.25,4.5,4.0,4.5,2.0,1,20,""
"0609ad66c967930f311d54310ff07e5a",3.5,4.0,2.5,3.0,3.0,1,20,""
"060b1a83fae1c4ee3a3d6324dd6f6971",4.75,3.25,3.25,3.5,4.0,1,20,""
"060b3d77e90df11eb2a5a3e3ea519d1a",3.75,3.25,2.75,2.5,2.5,1,20,""
"060c475ad78790bc9065316fb9ca1229",3.75,3.0,3.75,3.5,3.75,1,20,""
"060cf6b42480629b10f433e82b8cb411",2.75,3.75,2.75,3.5,3.0,1,20,""
"060d5173f7febc097fcb554ab709e855",3.75,3.95,2.75,2.9,3.6,1,100,""
"060f0c58abaae68b908b4dbfaabc6664",2.75,4.0,4.0,4.25,3.0,1,20,""
"060fc54f382fb74d970dd5dc1eba6fb4",4.0,3.5,3.75,3.25,1.0,1,20,""
"0610ad1c414d59516ccc8641a39a6f2a",3.5,3.75,4.25,4.25,3.67,1,20,""
"0610ce89d3dd9a87bf136738327afa58",4.21,4.5,4.65,4.35,1.5,1,100,""
"061134931f6f48a4bfc128d11529776d",4.5,2.5,3.0,3.75,2.5,1,20,""
"061142f0432b65b90f61934f3f4aa510",4.0,3.75,3.75,2.75,2.5,1,20,""
"0612ec5c4700fce5c918baedc02ada3e",4.0,3.75,2.5,3.5,3.5,1,20,""
"061473ac666edaaf1a899092f84d5f12",4.55,2.55,4.5,3.5,3.1,1,100,""
"0614b76fc20391cc0bf09ed4fb0b935b",4.25,3.0,4.5,4.25,2.75,1,20,""
"061517390f3c19c9ddc645d92b330fbe",4.4,3.7,4.3,3.3,2.6,1,100,""
"06157e0d7aa6bf28c4375075a61fe79c",4.19,2.33,4.37,3.95,3.95,1,100,""
"0615f9825f380fcc9f3a033a8c627bd0",4.05,3.15,2.8,2.85,2.65,1,100,""
"06165dddbf8856657d57d27600c4944c",4.75,3.0,2.74,2.45,3.9,1,100,""
"06176df2fd55852fc254d93ecd745ecd",3.25,3.5,1.75,2.75,3.5,1,20,""
"0617b02104c58a1f71c7815289d16ea7",4.13,4.13,2.88,3.0,4.25,1,40,""
"061912ab3451e70c2b797eb680f2ddb7",3.25,3.5,3.5,3.75,2.25,1,20,""
"06198e0004fbbc6dbc289bc3e59b5dc9",2.0,3.25,4.0,4.25,3.0,1,20,""
"0619d8c009c181f367e94705caa601c3",3.5,4.5,3.25,2.5,2.25,1,20,""
"061c030a9a18574a556d9ee69d3d841f",4.75,4.75,3.38,3.63,4.0,1,40,""
"061d04eee9ee1da186dbaff43cfe355f",4.75,4.0,2.75,3.25,1.5,1,20,""
"061d47019faef6cd0159e5601198cb69",3.25,3.5,3.75,4.5,2.75,1,20,""
"061e323e0c4743f7f675e42dbeae6c94",4.5,5.0,3.5,4.5,1.75,1,20,""
"061e401706c115ad9e8c3afb70f622c9",3.75,4.25,4.25,3.25,3.5,1,20,""
"061efb456ea13da0ee96fdf662eb0297",4.15,3.2,4.05,4.15,3.2,1,100,""
"061f002cb192ef388888f2c4b3381cd6",4.1,3.0,3.15,4.2,2.55,1,100,""
"061f558ab8d4786bcd8ce9c5ad76c1fa",4.5,4.0,3.5,4.25,2.0,1,20,""
"061f93cf9b5954804c202080bbde0c05",3.95,4.05,3.7,2.65,2.6,1,100,""
"0620dcf5644fcd30bae790a121651ede",3.75,4.5,4.0,3.5,1.75,1,20,""
"0621ae3de7902b7c05a36d41b0cae900",3.45,4.3,2.2,3.65,1.55,1,100,""
"0621cbb69c5d416c8e47324c23ea69ec",4.33,4.0,4.0,3.83,2.5,1,30,""
"0621fc60ebf15a8acd1aa0e43d32a58a",3.25,4.25,3.5,3.5,1.75,1,20,""
"062412421d0443e263b4a5e91f292e2e",3.0,3.5,4.0,4.25,2.0,1,20,""
"06254e4a07906c8b921fb5ca2554762d",4.33,3.33,3.67,2.67,3.0,1,30,""
"0625966e579a01e991faec80439e5625",2.89,2.79,2.56,4.33,3.95,1,100,""
"062938c4803ce7d8fd6bbc6a30c2f810",4.5,4.75,3.75,4.0,2.75,1,20,""
"062965a22b34792f387d71d5a4863aec",4.5,3.5,3.79,4.0,2.65,1,100,""
"06297fb225f15553c8c77fb4340b945f",2.6,2.55,2.95,3.75,2.3,1,100,""
"0629ac813ed2b831a157d77f6b80dfa3",5.0,2.5,2.0,3.25,4.5,1,20,""
"0629e23085fe031d399769ca13b10560",2.75,3.5,4.5,3.75,2.25,1,20,""
"062b4101ce9ad295c53879e45da8a330",4.0,3.0,2.75,2.75,3.75,1,20,""
"062bc36d709cb1bf81b4afe500035e49",3.5,4.25,3.0,4.75,2.0,1,20,""
"062c348d2af1584b23dad9002777db21",3.1,4.1,2.1,3.7,2.4,1,50,""
"062c54c0ae644ccdf4ea657910e3b33f",2.75,2.5,1.75,4.25,2.75,1,20,""
"062c9b8ea24f3d4443042511896bcc1e",3.0,4.75,3.75,4.25,2.5,1,20,""
"062d18d0d30fbe9eba9e1612665203e3",3.75,4.0,4.25,4.25,1.75,1,20,""
"062e7b0129e3a7317585dd1b4169b60f",4.22,3.56,2.56,4.28,2.78,1,90,""
"062e887b77eb98ff46f3abc8e76a901b",3.75,3.75,4.0,2.5,3.25,1,20,""
"06309386b2879a26a32778469021d019",3.25,5.0,4.0,4.0,2.25,1,20,""
"0630c95a253f61e13c9e217e94c2c93e",4.1,4.5,3.75,4.15,3.05,1,100,""
"0631204320da13efb376ec583449b971",4.25,4.25,3.5,3.25,3.0,1,20,""
"06312a08f7ea8a1d37d02f4f2c84527f",2.9,2.2,1.15,2.95,3.85,1,100,""
"0632455fd77589481087a515b42fa3a4",2.0,3.33,4.5,3.67,3.5,1,30,""
"06329b8d933c30139dbd69465c743a93",3.75,3.75,3.0,2.75,2.25,1,20,""
"0633d854ab8bd3b2fb64faeaf9cc6a89",4.0,2.55,2.3,3.0,4.1,1,100,""
"0634441c830c7424355dcd0f8ffa9ad2",4.1,3.45,4.3,2.5,3.5,1,100,""
"06344eaff1d414e551a1ffbf650f9ef7",4.88,3.63,4.13,3.88,2.13,1,40,""
"06354c75b8db4656f6f63f49ceb2ba87",2.65,1.55,3.4,1.6,3.65,1,100,""
"0635bc968b5de052357e9b39aedeaf94",2.75,3.5,3.75,2.75,3.5,1,20,""
"06362df1ece57818ebf0d7034857f1dd",3.0,4.0,2.5,3.75,2.5,1,20,""
"063637b46e79369549cc58459f3f199e",2.17,2.17,2.67,2.5,3.33,1,30,""
"0636496e674ade9d5d8c5b003253f658",4.8,4.5,5.0,4.95,1.4,1,100,""
"06380c60ab64a1f0c358680135721d28",3.6,3.3,3.1,4.05,2.8,1,100,""
"0638d69ec1d2b64ba13a2afe97b49b8b",4.5,3.37,1.95,2.8,3.7,1,100,""
"063a0cdc31aaa93e3d7e9c415c41dffe",4.0,4.25,3.25,4.25,3.75,1,20,""
"063b64d426aefd9162d202cb9640eebe",3.25,4.0,3.0,4.5,3.25,1,20,""
"063ba4bda2e2a223f0100ba125f4a7ff",5.0,3.75,5.0,5.0,1.5,1,20,""
"063c00922fe4869c74b03b4100f401fa",4.15,3.7,3.65,2.85,3.2,1,100,""
"063c22edd18e1d9a201537cc91995817",4.75,3.7,2.9,3.35,2.75,1,100,""
"063c7709f8796decbdc7e1b0f221d0dc",4.75,3.5,5.0,4.0,3.25,1,20,""
"063d5ff200f26aa2bde74aa10bfc4595",4.17,2.94,2.56,3.61,3.0,1,90,""
"063d77f3528d3feff209505c6e2d0fe9",4.2,3.6,2.7,3.15,3.25,1,100,""
"063de7459ed1c449a11c6a5c62ac9f5c",3.5,4.5,4.5,4.0,2.75,1,20,""
"063e24f457ddea1924bb27f6860b2ec5",3.83,3.78,3.39,3.83,2.56,1,90,""
"063f9965274dd449120d6abb2126f476",3.25,3.75,4.33,4.0,2.25,1,20,""
"063faabaef7b52d9bd5922e5bb39c222",2.25,3.75,3.25,4.0,2.75,1,20,""
"063fc90a960c3d50cca39ce2c981147d",5.0,2.5,5.0,2.0,2.25,1,20,""
"0640897319ae815e704d00f25d374823",4.5,3.0,4.0,3.5,2.0,1,20,""
"06418f9574cfd5d8e5ab06d86a42ad53",4.06,4.67,4.76,4.5,1.65,1,90,""
"0642181989f820d4c01b2ec219033b34",4.25,3.83,3.58,3.5,2.08,1,60,""
"06421a2ab15f94ad4674adedf45cbea1",3.0,4.0,3.25,3.5,2.25,1,20,""
"064275077284a89496af3ccc4dec1603",4.75,4.0,3.5,5.0,2.0,1,20,""
"064347b83db977c9907606b86f4455fa",4.75,3.75,3.0,4.75,3.0,1,20,""
"0643d3813709516e5ff01827dccaa5b8",3.7,4.1,2.5,3.85,2.55,1,100,""
"06448aed08c351361ffd2b7e1e2e1e44",4.0,3.0,3.5,3.25,3.0,1,20,""
"0645a63ff562aa4cf56765363dae530c",4.75,4.0,3.5,3.75,2.75,1,20,""
"0646280a099a9008f31d2a8b4299da57",4.25,3.5,4.5,5.0,2.0,1,60,""
"06463001f358a852b54edc247cd8ec78",4.25,2.75,3.5,3.0,3.0,1,20,""
"06463e3b33852dd2ea85846ffe3600b1",4.75,4.25,2.5,3.25,3.25,1,20,""
"0646dea09ee788a23556839e96d0387c",3.5,3.5,4.0,2.75,1.75,1,20,""
"0646ef3f068bd4ebfb48a1676ecb0a69",4.75,2.75,3.5,3.5,3.0,1,20,""
"064714f7b91f4756c38647f529616972",3.5,2.25,3.75,4.0,1.75,1,20,""
"064796276633a75fbba9038167a10cf5",4.75,1.33,4.25,3.75,4.0,1,20,""
"06489d99e2b3b36d2c4d35fd44dbb190",3.0,4.25,5.0,3.0,3.0,1,20,""
"0649347e20573f1b1ffe9b742526ea2c",4.25,3.25,4.5,2.25,2.75,1,20,""
"06497ea9ab8c079e95ab7ae76d683fb4",3.67,3.67,4.17,2.83,2.17,1,30,""
"064b13063234b785f9b1ffb3e8cd83d4",4.5,2.0,2.0,3.5,2.75,1,20,""
"064ba20443b33474a46e69794d9833d5",3.0,4.17,3.83,3.83,2.5,1,30,""
"064c40a67aa8abd1b92a2120aa557354",3.65,2.45,2.85,3.3,2.85,1,100,""
"064dbde8b91730b279de67e00da7b165",3.5,3.0,3.75,4.5,2.0,1,20,""
"064ddfbd22b7af939c992c2358a9ccc3",4.75,2.5,2.0,4.5,3.75,1,20,""
"064e6feea8dd179d09c2da5528c06a9e",4.3,3.5,3.15,3.45,1.8,1,100,""
"064eb992ffb3fe3a09c5d506068e87a1",2.67,3.75,5.0,2.75,2.0,1,20,""
"0650409d41dcc0fb17d744e081b0c82f",4.8,3.35,4.0,3.8,3.3,1,100,""
"0650b561c72775c97f6fd5233883876b",4.5,4.67,4.0,4.0,2.67,1,30,""
"0650b8361e156e8abbf08be14f0adbfe",4.25,4.0,3.5,3.75,3.0,1,20,""
"065103103e52b7b78ac977bacbc83bb6",4.0,4.0,3.0,2.0,2.75,1,20,""
"065110ca70d531ccde2a154206a6146e",3.56,3.63,4.0,2.73,2.94,1,80,""
"065141989afc8944882dac32515c5184",3.25,2.25,4.0,2.75,2.75,1,20,""
"0651ec5c77458e2af6fe8ef431a87a05",4.5,4.0,4.5,4.25,3.25,1,20,""
"065205d42fdee7e9dad4dbc4b4764b0b",2.75,3.0,2.75,3.0,3.75,1,20,""
"06528c448be0b9f4f8986635dcc3bc12",4.6,2.4,4.65,3.4,2.95,1,100,""
"0652a1a11b8d583b5f728c8a2625b5ab",4.5,3.05,2.85,4.0,1.95,1,100,""
"0652f25ac92d170990c045f7def32baa",4.25,2.75,4.0,4.25,3.0,1,20,""
"06530ebe541129ddfbb45602aaa35f03",4.08,4.58,4.25,3.67,2.08,1,60,""
"0653be210b3b55cbae8c408fbf6191b8",4.0,3.75,5.0,2.75,3.75,1,20,""
"06542acd7520b9c97a5541fdfe3f09db",4.55,3.6,3.15,3.05,3.1,1,100,""
"0654d1f6973fc440fe54bd3e5cab5228",4.5,4.17,3.83,4.0,2.33,1,30,""
"06550d186bf6c1fd8d8a8aeb88c363d4",2.5,2.25,2.5,3.5,3.0,1,20,""
"06554812013744ea349baeb7157a5cd5",4.25,2.0,3.75,3.0,2.75,1,20,""
"0655c30b5b8441c932e2bde5dea766a4",3.5,2.25,3.75,2.5,3.25,1,20,""
"06561ae15e32040e69af859056862610",3.35,2.9,2.0,3.25,3.7,1,100,""
"0657380ac61cb5cdbd732ae898b8f133",4.75,3.25,4.0,4.0,3.25,1,20,""
"0657d06d1013808272f03bb19e0b9ef1",4.25,4.5,4.5,1.75,2.5,1,20,""
"06580ccbd1dcb18220424aaeeafb9be4",5.0,3.25,4.25,3.75,2.5,1,20,""
"065868d7a41fedebc44b595ff6466c03",3.5,1.75,2.75,3.75,3.0,1,20,""
"06589c8023aaebc904cbaeee1dcd3ccd",2.0,4.75,3.25,2.75,1.25,1,20,""
"065902274c0a827cf5e870da74de7457",3.5,3.5,2.75,4.25,2.0,1,20,""
"06594aa18bf0c85f9de9681b01ca27a5",4.25,4.25,4.25,3.5,2.25,1,20,""
"0659e65465fd87bb7f0cb19f47a09a79",4.5,3.25,3.5,4.0,3.0,1,20,""
"065ba8862204491b1af5933767ada639",2.5,4.5,2.5,2.75,3.25,1,20,""
"065cbf0837c4a53def1b90d49e978083",4.0,3.75,3.25,4.0,2.75,1,20,""
"065d178459940162eba43a6cb6cea9a1",4.5,3.75,3.75,4.25,2.75,1,20,""
"065d92ae3321a680a9b3b1f4ad962b2c",3.25,3.0,3.25,4.25,2.0,1,20,""
"065e3f01cddc18e9356ecae3c52d87e6",3.0,3.5,4.0,4.75,2.0,1,20,""
"065e5afc598c4101c0c62adae9df20c6",3.75,3.67,3.92,3.75,2.5,1,60,""
"065fc75c6d5b13121fb1c996c376089f",3.25,3.25,3.5,3.25,3.25,1,20,""
"0660a65a2c7d38953b3e9af0f0dd0b85",3.95,3.95,3.05,2.7,3.3,1,100,""
"0661819d1eeff32b1a60ccb23af0092f",3.75,4.75,4.0,4.0,3.25,1,20,""
"0662d6793ce49995a3cf3b8cd6fc9043",4.25,4.5,3.5,3.5,2.0,1,20,""
"0663002ad7bbceb96c75cc29e933d240",3.25,2.33,2.75,4.0,3.25,1,20,""
"0663469ed5ae510c1865781dbede4ad8",3.75,5.0,3.75,3.25,1.0,1,20,""
"066394f6a4c68ef70ca5fab673996b37",3.0,3.0,4.5,3.75,2.5,1,20,""
"066408f5bacb0f07ef01322a22133ac8",4.0,2.75,4.75,2.0,1.75,1,20,""
"0664f25e627e07956fd6fab11d93b699",3.67,4.25,3.5,2.75,2.0,1,20,""
"0665c994a724e4f12ddadcd55616b39a",3.5,3.33,4.5,4.25,2.25,1,20,""
"0665d90d0e627a52da9b48e65ed7aeb9",4.9,3.8,4.6,3.75,2.4,1,100,""
"06661a1b81f8ff21977b22bfbcb000b1",3.25,4.75,4.5,2.75,1.0,1,20,""
"066646d7515dd4770603773fea338a8e",4.5,3.25,4.0,4.25,3.0,1,20,""
"06668ccf9f897dd76cc5fbea2cc72315",4.5,3.75,2.75,3.25,3.33,1,20,""
"06671401ccd4e211a1758606b6ca7959",4.75,4.0,4.5,3.25,3.0,1,20,""
"06672223ce32d514ffedcb8466369e04",3.75,4.25,4.25,3.5,2.5,1,20,""
"0667227cd9ac305587a41b552d3231ce",3.0,4.0,4.0,4.5,1.25,1,20,""
